Duration_sec,Rate_flows_sec,Error_Threshold_pct,Sampling_Ratio_pct,S_Queue,S_Hop,S_Egress
60,0.03,2.0,100.0,57,38,19
60,0.03,3.0,100.0,21,7,14
60,0.03,4.0,76.34,1,4,7
60,0.03,5.0,14.91,1,6,21
60,0.03,6.0,14.91,1,1,16
60,0.03,7.0,14.91,1,1,11
60,0.03,8.0,14.91,1,1,11
60,0.07,2.0,100.0,27,3,9
60,0.07,3.0,100.0,12,2,4
60,0.07,4.0,4.87,1,21,36
60,0.07,5.0,4.87,1,16,21
60,0.07,6.0,4.87,1,11,16
60,0.07,7.0,4.87,1,11,11
60,0.07,8.0,4.87,1,11,11
60,0.09,2.0,100.0,24,18,6
60,0.09,3.0,100.0,15,6,3
60,0.09,4.0,100.0,6,2,4
60,0.09,5.0,67.6,2,1,2
60,0.09,6.0,4.4,1,11,16
60,0.09,7.0,4.4,1,1,11
60,0.09,8.0,4.4,1,1,11
60,0.11,2.0,100.0,12,4,4
60,0.11,3.0,100.0,6,4,2
60,0.11,4.0,32.07,1,5,4
60,0.11,5.0,16.03,1,5,4
60,0.11,6.0,16.03,1,2,3
60,0.11,7.0,3.13,6,1,11
60,0.11,8.0,3.13,1,1,11
60,0.13,2.0,100.0,4,4,2
60,0.13,3.0,79.25,2,2,1
60,0.13,4.0,50.43,1,2,1
60,0.13,5.0,1.41,1,31,21
60,0.13,6.0,1.41,1,16,16
60,0.13,7.0,1.41,1,16,11
60,0.13,8.0,1.41,1,11,11
60,0.15,2.0,100.0,27,3,12
60,0.15,3.0,100.0,16,2,6
60,0.15,4.0,100.0,4,2,6
60,0.15,5.0,6.7,1,11,21
60,0.15,6.0,6.7,1,11,16
60,0.15,7.0,6.7,1,11,11
60,0.15,8.0,6.7,1,6,11
60,0.17,2.0,17.56,22,1,8
60,0.17,3.0,11.7,15,1,6
60,0.17,4.0,5.85,12,1,7
60,0.17,5.0,5.85,5,1,4
60,0.17,6.0,5.85,1,1,3
60,0.17,7.0,1.14,1,6,11
60,0.17,8.0,1.14,1,6,11
60,0.19,2.0,100.0,6,2,4
60,0.19,3.0,60.89,4,1,2
60,0.19,4.0,40.6,4,1,2
60,0.19,5.0,27.06,4,1,1
60,0.19,6.0,20.3,4,1,1
60,0.19,7.0,13.53,3,1,1
60,0.19,8.0,1.32,16,1,11
60,0.21,2.0,100.0,33,11,33
60,0.21,3.0,100.0,24,8,16
60,0.21,4.0,100.0,12,6,12
60,0.21,5.0,20.39,1,21,21
60,0.21,6.0,20.39,1,16,16
60,0.21,7.0,20.39,1,11,11
60,0.21,8.0,20.39,1,11,11
60,0.23,2.0,100.0,6,2,2
60,0.23,3.0,77.18,3,1,1
60,0.23,4.0,49.12,3,1,1
60,0.23,5.0,28.07,3,1,1
60,0.23,6.0,21.05,2,1,1
60,0.23,7.0,14.03,2,1,2
60,0.23,8.0,7.02,1,2,2
60,0.25,2.0,100.0,6,6,3
60,0.25,3.0,100.0,6,4,2
60,0.25,4.0,84.65,2,1,1
60,0.25,5.0,12.09,1,4,4
60,0.25,6.0,2.36,1,21,16
60,0.25,7.0,2.36,1,16,11
60,0.25,8.0,2.36,1,16,11
60,0.27,2.0,100.0,20,2,8
60,0.27,3.0,81.84,11,1,3
60,0.27,4.0,61.38,5,1,3
60,0.27,5.0,61.38,2,1,2
60,0.27,6.0,4.0,1,11,16
60,0.27,7.0,4.0,1,11,11
60,0.27,8.0,4.0,1,11,11
60,0.29,2.0,21.72,15,1,5
60,0.29,3.0,10.86,19,1,4
60,0.29,4.0,7.24,18,1,4
60,0.29,5.0,7.24,11,1,3
60,0.29,6.0,7.24,6,1,2
60,0.29,7.0,0.71,1,11,11
60,0.29,8.0,0.71,1,1,11
60,0.31,2.0,45.02,5,1,2
60,0.31,3.0,20.78,7,1,2
60,0.31,4.0,13.85,8,1,2
60,0.31,5.0,10.39,8,1,2
60,0.31,6.0,6.93,9,1,2
60,0.31,7.0,6.93,6,1,1
60,0.31,8.0,6.93,3,1,1
60,0.33,2.0,100.0,20,10,5
60,0.33,3.0,100.0,14,4,2
60,0.33,4.0,100.0,20,2,4
60,0.33,5.0,67.75,7,1,1
60,0.33,6.0,50.81,2,1,1
60,0.33,7.0,3.31,1,11,11
60,0.33,8.0,3.31,1,11,11
60,0.35,2.0,100.0,9,6,3
60,0.35,3.0,81.91,5,1,2
60,0.35,4.0,45.51,5,1,2
60,0.35,5.0,18.2,7,1,2
60,0.35,6.0,18.2,1,1,2
60,0.35,7.0,1.78,1,6,11
60,0.35,8.0,1.78,1,6,11
60,0.37,2.0,100.0,8,2,6
60,0.37,3.0,100.0,4,2,4
60,0.37,4.0,3.0,1,21,36
60,0.37,5.0,3.0,1,16,21
60,0.37,6.0,3.0,1,16,16
60,0.37,7.0,3.0,1,11,11
60,0.37,8.0,3.0,1,1,11
60,0.39,2.0,19.24,14,1,5
60,0.39,3.0,11.55,18,1,4
60,0.39,4.0,7.7,18,1,4
60,0.39,5.0,7.7,10,1,2
60,0.39,6.0,7.7,1,1,2
60,0.39,7.0,0.75,1,11,11
60,0.39,8.0,0.75,1,11,11
60,0.41,2.0,82.06,5,1,2
60,0.41,3.0,61.54,4,1,2
60,0.41,4.0,47.87,3,1,1
60,0.41,5.0,27.35,3,2,1
60,0.41,6.0,13.68,1,2,2
60,0.41,7.0,1.34,1,16,11
60,0.41,8.0,1.34,1,6,11
60,0.43,2.0,100.0,4,4,2
60,0.43,3.0,77.71,2,2,1
60,0.43,4.0,42.39,2,1,2
60,0.43,5.0,7.06,1,3,4
60,0.43,6.0,1.38,1,6,16
60,0.43,7.0,1.38,1,1,11
60,0.43,8.0,1.38,1,1,11
60,0.45,2.0,100.0,16,8,4
60,0.45,3.0,100.0,10,4,2
60,0.45,4.0,89.51,3,1,1
60,0.45,5.0,51.15,3,2,1
60,0.45,6.0,38.36,2,2,1
60,0.45,7.0,25.57,3,1,1
60,0.45,8.0,2.5,16,1,11
60,0.47,2.0,100.0,12,2,6
60,0.47,3.0,80.64,4,1,2
60,0.47,4.0,69.12,1,1,2
60,0.47,5.0,2.25,1,26,21
60,0.47,6.0,2.25,1,21,16
60,0.47,7.0,2.25,1,16,11
60,0.47,8.0,2.25,1,11,11
60,0.49,2.0,100.0,8,4,2
60,0.49,3.0,63.65,5,2,1
60,0.49,4.0,40.5,4,2,1
60,0.49,5.0,23.14,5,2,1
60,0.49,6.0,17.36,5,3,1
60,0.49,7.0,11.57,5,2,1
60,0.49,8.0,11.57,2,1,1
60,0.51,2.0,69.87,3,1,2
60,0.51,3.0,33.09,3,1,2
60,0.51,4.0,22.06,3,1,2
60,0.51,5.0,14.71,3,2,1
60,0.51,6.0,11.03,2,1,1
60,0.51,7.0,7.35,2,2,1
60,0.51,8.0,0.72,1,11,11
60,0.53,2.0,31.62,13,1,7
60,0.53,3.0,23.72,12,1,4
60,0.53,4.0,15.81,11,1,4
60,0.53,5.0,15.81,6,1,3
60,0.53,6.0,1.54,1,11,16
60,0.53,7.0,1.54,1,11,11
60,0.53,8.0,1.54,1,11,11
60,0.55,2.0,100.0,6,4,2
60,0.55,3.0,72.69,3,3,1
60,0.55,4.0,33.04,1,3,2
60,0.55,5.0,1.29,1,41,21
60,0.55,6.0,1.29,1,21,16
60,0.55,7.0,1.29,1,6,11
60,0.55,8.0,1.29,1,6,11
60,0.57,2.0,64.15,4,1,2
60,0.57,3.0,25.66,3,1,2
60,0.57,4.0,0.84,1,26,36
60,0.57,5.0,0.84,1,21,21
60,0.57,6.0,0.84,1,16,16
60,0.57,7.0,0.84,1,16,11
60,0.57,8.0,0.84,1,11,11
60,0.59,2.0,78.89,3,2,1
60,0.59,3.0,36.16,4,2,1
60,0.59,4.0,23.01,3,2,1
60,0.59,5.0,13.15,3,3,1
60,0.59,6.0,3.29,1,6,3
60,0.59,7.0,0.64,1,16,11
60,0.59,8.0,0.64,1,11,11
60,0.61,2.0,51.19,6,1,2
60,0.61,3.0,32.91,8,1,2
60,0.61,4.0,14.62,11,1,2
60,0.61,5.0,10.97,8,1,2
60,0.61,6.0,7.31,2,1,2
60,0.61,7.0,0.71,1,11,11
60,0.61,8.0,0.71,1,11,11
60,0.63,2.0,40.56,5,1,2
60,0.63,3.0,13.52,9,1,2
60,0.63,4.0,9.01,8,1,2
60,0.63,5.0,6.76,8,1,2
60,0.63,6.0,4.51,8,1,2
60,0.63,7.0,4.51,6,1,1
60,0.63,8.0,4.51,3,1,1
60,0.65,2.0,98.76,4,2,1
60,0.65,3.0,45.27,7,2,1
60,0.65,4.0,28.81,9,3,1
60,0.65,5.0,16.46,10,3,1
60,0.65,6.0,12.35,8,3,1
60,0.65,7.0,8.23,5,3,1
60,0.65,8.0,0.8,1,21,11
60,0.67,2.0,76.53,4,2,1
60,0.67,3.0,35.08,4,2,1
60,0.67,4.0,22.32,6,2,1
60,0.67,5.0,12.76,5,3,1
60,0.67,6.0,9.57,1,2,1
60,0.67,7.0,0.62,1,16,11
60,0.67,8.0,0.62,1,11,11
60,0.69,2.0,90.8,6,1,2
60,0.69,3.0,60.53,6,1,2
60,0.69,4.0,45.4,4,1,2
60,0.69,5.0,30.27,2,2,1
60,0.69,6.0,1.48,1,21,16
60,0.69,7.0,1.48,1,16,11
60,0.69,8.0,1.48,1,11,11
60,0.71,2.0,57.33,3,1,2
60,0.71,3.0,28.66,3,2,1
60,0.71,4.0,18.24,2,1,1
60,0.71,5.0,10.42,3,2,1
60,0.71,6.0,7.82,1,2,1
60,0.71,7.0,0.51,1,16,11
60,0.71,8.0,0.51,1,16,11
60,0.73,2.0,26.16,17,1,7
60,0.73,3.0,19.62,12,1,4
60,0.73,4.0,13.08,13,1,4
60,0.73,5.0,13.08,9,1,3
60,0.73,6.0,13.08,5,1,2
60,0.73,7.0,13.08,2,1,1
60,0.73,8.0,1.28,11,1,11
60,0.75,2.0,100.0,6,4,2
60,0.75,3.0,56.72,4,3,1
60,0.75,4.0,36.09,3,2,1
60,0.75,5.0,5.16,1,7,4
60,0.75,6.0,1.01,1,21,16
60,0.75,7.0,1.01,1,16,11
60,0.75,8.0,1.01,1,11,11
60,0.77,2.0,54.66,7,1,2
60,0.77,3.0,31.24,9,1,2
60,0.77,4.0,19.52,10,1,2
60,0.77,5.0,11.71,3,1,2
60,0.77,6.0,0.76,1,11,16
60,0.77,7.0,0.76,1,11,11
60,0.77,8.0,0.76,1,11,11
60,0.79,2.0,100.0,8,2,4
60,0.79,3.0,64.04,5,1,2
60,0.79,4.0,48.03,3,1,2
60,0.79,5.0,1.56,1,16,21
60,0.79,6.0,1.56,1,11,16
60,0.79,7.0,1.56,1,11,11
60,0.79,8.0,1.56,1,1,11
60,0.81,2.0,43.67,3,3,1
60,0.81,3.0,20.02,4,2,1
60,0.81,4.0,10.92,4,1,2
60,0.81,5.0,7.28,3,2,1
60,0.81,6.0,3.64,1,3,2
60,0.81,7.0,0.36,1,16,11
60,0.81,8.0,0.36,1,11,11
60,0.83,2.0,100.0,12,6,3
60,0.83,3.0,99.41,6,2,1
60,0.83,4.0,63.26,5,2,1
60,0.83,5.0,9.04,1,6,4
60,0.83,6.0,1.77,1,16,16
60,0.83,7.0,1.77,1,11,11
60,0.83,8.0,1.77,1,6,11
60,0.85,2.0,100.0,8,4,2
60,0.85,3.0,85.38,5,2,1
60,0.85,4.0,54.33,2,2,1
60,0.85,5.0,7.76,1,4,4
60,0.85,6.0,1.52,1,16,16
60,0.85,7.0,1.52,1,11,11
60,0.85,8.0,1.52,1,11,11
60,0.87,2.0,49.12,4,3,1
60,0.87,3.0,22.52,7,4,1
60,0.87,4.0,14.33,8,3,1
60,0.87,5.0,8.19,10,3,1
60,0.87,6.0,6.14,9,3,1
60,0.87,7.0,4.09,9,3,1
60,0.87,8.0,4.09,6,2,1
60,0.89,2.0,97.37,4,1,2
60,0.89,3.0,63.01,2,1,1
60,0.89,4.0,1.12,1,36,36
60,0.89,5.0,1.12,1,26,21
60,0.89,6.0,1.12,1,21,16
60,0.89,7.0,1.12,1,16,11
60,0.89,8.0,1.12,1,6,11
60,0.91,2.0,31.27,3,1,2
60,0.91,3.0,17.59,3,1,2
60,0.91,4.0,13.68,2,1,1
60,0.91,5.0,7.82,2,2,1
60,0.91,6.0,3.91,1,2,2
60,0.91,7.0,0.38,1,16,11
60,0.91,8.0,0.38,1,11,11
60,0.93,2.0,65.72,4,2,1
60,0.93,3.0,30.12,7,2,1
60,0.93,4.0,19.17,7,2,1
60,0.93,5.0,10.95,8,2,1
60,0.93,6.0,8.21,6,2,1
60,0.93,7.0,5.48,5,2,1
60,0.93,8.0,5.48,1,1,1
60,0.95,2.0,25.47,4,1,2
60,0.95,3.0,12.13,4,1,2
60,0.95,4.0,8.49,4,2,1
60,0.95,5.0,4.85,4,2,1
60,0.95,6.0,3.64,1,2,1
60,0.95,7.0,0.24,1,16,11
60,0.95,8.0,0.24,1,16,11
60,0.97,2.0,33.45,4,2,1
60,0.97,3.0,14.72,6,2,1
60,0.97,4.0,9.37,6,2,1
60,0.97,5.0,5.35,7,2,1
60,0.97,6.0,4.01,6,2,1
60,0.97,7.0,2.68,4,2,1
60,0.97,8.0,2.68,3,2,1
60,0.99,2.0,38.59,3,1,2
60,0.99,3.0,19.3,4,2,1
60,0.99,4.0,12.28,4,2,1
60,0.99,5.0,7.02,4,2,1
60,0.99,6.0,5.26,3,2,1
60,0.99,7.0,3.51,3,2,1
60,0.99,8.0,3.51,1,1,1
120,0.01,2.0,1.0,1,1,1
120,0.01,3.0,1.0,1,1,1
120,0.01,4.0,1.0,1,1,1
120,0.01,5.0,1.0,1,1,1
120,0.01,6.0,1.0,1,1,1
120,0.01,7.0,1.0,1,1,1
120,0.01,8.0,1.0,1,1,1
120,0.03,2.0,100.0,24,6,12
120,0.03,3.0,100.0,20,2,4
120,0.03,4.0,5.23,1,16,36
120,0.03,5.0,5.23,1,11,21
120,0.03,6.0,5.23,1,11,16
120,0.03,7.0,5.23,1,1,11
120,0.03,8.0,5.23,1,1,11
120,0.05,2.0,7.03,1,1,1
120,0.05,3.0,7.03,1,1,1
120,0.05,4.0,7.03,1,1,1
120,0.05,5.0,7.03,1,1,1
120,0.05,6.0,7.03,1,1,1
120,0.05,7.0,7.03,1,1,1
120,0.05,8.0,7.03,1,1,1
120,0.07,2.0,100.0,32,8,16
120,0.07,3.0,100.0,4,4,8
120,0.07,4.0,9.7,1,26,36
120,0.07,5.0,9.7,1,16,21
120,0.07,6.0,9.7,1,16,16
120,0.07,7.0,9.7,1,11,11
120,0.07,8.0,9.7,1,11,11
120,0.09,2.0,100.0,9,6,3
120,0.09,3.0,100.0,4,4,2
120,0.09,4.0,2.11,1,36,36
120,0.09,5.0,2.11,1,21,21
120,0.09,6.0,2.11,1,11,16
120,0.09,7.0,2.11,1,1,11
120,0.09,8.0,2.11,1,1,11
120,0.11,2.0,100.0,18,6,12
120,0.11,3.0,100.0,8,4,4
120,0.11,4.0,100.0,4,2,2
120,0.11,5.0,100.0,4,4,2
120,0.11,6.0,83.85,2,2,1
120,0.11,7.0,55.9,2,2,1
120,0.11,8.0,55.9,1,1,1
120,0.13,2.0,46.69,5,1,2
120,0.13,3.0,28.53,6,2,1
120,0.13,4.0,18.16,6,2,1
120,0.13,5.0,10.38,5,2,1
120,0.13,6.0,7.78,1,2,1
120,0.13,7.0,0.51,1,16,11
120,0.13,8.0,0.51,1,11,11
120,0.15,2.0,100.0,8,2,4
120,0.15,3.0,58.79,4,1,2
120,0.15,4.0,1.44,1,21,36
120,0.15,5.0,1.44,1,16,21
120,0.15,6.0,1.44,1,11,16
120,0.15,7.0,1.44,1,11,11
120,0.15,8.0,1.44,1,6,11
120,0.17,2.0,100.0,27,18,9
120,0.17,3.0,100.0,16,8,4
120,0.17,4.0,100.0,3,6,3
120,0.17,5.0,6.7,1,31,21
120,0.17,6.0,6.7,1,21,16
120,0.17,7.0,6.7,1,16,11
120,0.17,8.0,6.7,1,16,11
120,0.19,2.0,99.1,7,1,2
120,0.19,3.0,38.11,11,1,3
120,0.19,4.0,22.87,10,1,3
120,0.19,5.0,1.49,1,16,21
120,0.19,6.0,1.49,1,11,16
120,0.19,7.0,1.49,1,11,11
120,0.19,8.0,1.49,1,11,11
120,0.21,2.0,100.0,4,2,4
120,0.21,3.0,55.05,2,2,1
120,0.21,4.0,10.01,1,5,4
120,0.21,5.0,0.98,1,26,21
120,0.21,6.0,0.98,1,16,16
120,0.21,7.0,0.98,1,11,11
120,0.21,8.0,0.98,1,1,11
120,0.23,2.0,100.0,8,2,4
120,0.23,3.0,92.16,3,1,2
120,0.23,4.0,1.8,1,31,36
120,0.23,5.0,1.8,1,16,21
120,0.23,6.0,1.8,1,16,16
120,0.23,7.0,1.8,1,11,11
120,0.23,8.0,1.8,1,11,11
120,0.25,2.0,21.48,11,1,4
120,0.25,3.0,15.34,12,1,3
120,0.25,4.0,12.27,10,1,2
120,0.25,5.0,9.21,4,1,2
120,0.25,6.0,3.07,1,2,3
120,0.25,7.0,0.6,1,11,11
120,0.25,8.0,0.6,1,11,11
120,0.27,2.0,100.0,27,3,9
120,0.27,3.0,100.0,16,2,4
120,0.27,4.0,93.42,1,2,2
120,0.27,5.0,4.56,1,21,21
120,0.27,6.0,4.56,1,16,16
120,0.27,7.0,4.56,1,11,11
120,0.27,8.0,4.56,1,11,11
120,0.29,2.0,100.0,6,4,2
120,0.29,3.0,72.32,4,2,1
120,0.29,4.0,46.02,1,2,1
120,0.29,5.0,1.28,1,31,21
120,0.29,6.0,1.28,1,21,16
120,0.29,7.0,1.28,1,16,11
120,0.29,8.0,1.28,1,11,11
120,0.31,2.0,93.5,4,4,1
120,0.31,3.0,42.85,7,4,1
120,0.31,4.0,27.27,10,4,1
120,0.31,5.0,15.58,6,3,1
120,0.31,6.0,11.69,2,3,1
120,0.31,7.0,0.76,1,31,11
120,0.31,8.0,0.76,1,21,11
120,0.33,2.0,78.34,2,1,2
120,0.33,3.0,41.47,2,1,2
120,0.33,4.0,13.82,1,3,3
120,0.33,5.0,0.9,1,21,21
120,0.33,6.0,0.9,1,16,16
120,0.33,7.0,0.9,1,11,11
120,0.33,8.0,0.9,1,1,11
120,0.35,2.0,82.89,5,1,2
120,0.35,3.0,53.64,7,2,1
120,0.35,4.0,34.13,8,2,1
120,0.35,5.0,19.5,8,2,1
120,0.35,6.0,14.63,2,1,1
120,0.35,7.0,0.95,1,11,11
120,0.35,8.0,0.95,1,6,11
120,0.37,2.0,96.89,3,2,1
120,0.37,3.0,36.33,5,1,2
120,0.37,4.0,20.19,5,1,2
120,0.37,5.0,16.15,5,1,1
120,0.37,6.0,8.07,1,2,2
120,0.37,7.0,0.79,1,11,11
120,0.37,8.0,0.79,1,1,11
120,0.39,2.0,87.54,6,1,2
120,0.39,3.0,56.28,7,1,2
120,0.39,4.0,37.52,7,1,2
120,0.39,5.0,25.01,3,2,1
120,0.39,6.0,18.76,2,2,1
120,0.39,7.0,1.22,1,16,11
120,0.39,8.0,1.22,1,16,11
120,0.41,2.0,25.75,6,1,2
120,0.41,3.0,17.83,6,1,2
120,0.41,4.0,13.87,4,1,1
120,0.41,5.0,7.92,5,2,1
120,0.41,6.0,5.94,5,2,1
120,0.41,7.0,3.96,5,2,1
120,0.41,8.0,3.96,2,2,1
120,0.43,2.0,62.22,5,1,2
120,0.43,3.0,32.75,6,1,2
120,0.43,4.0,19.65,4,1,2
120,0.43,5.0,13.1,3,2,1
120,0.43,6.0,9.82,3,2,1
120,0.43,7.0,6.55,1,2,1
120,0.43,8.0,3.27,1,2,2
120,0.45,2.0,12.91,13,1,5
120,0.45,3.0,10.33,12,1,3
120,0.45,4.0,7.75,11,1,3
120,0.45,5.0,7.75,8,1,2
120,0.45,6.0,7.75,5,1,1
120,0.45,7.0,5.16,4,2,1
120,0.45,8.0,5.16,2,1,1
120,0.47,2.0,100.0,6,4,2
120,0.47,3.0,74.33,4,2,1
120,0.47,4.0,47.3,2,2,1
120,0.47,5.0,20.27,2,1,2
120,0.47,6.0,1.32,1,6,16
120,0.47,7.0,1.32,1,1,11
120,0.47,8.0,1.32,1,1,11
120,0.49,2.0,25.57,6,1,3
120,0.49,3.0,14.92,8,1,2
120,0.49,4.0,8.52,4,1,2
120,0.49,5.0,8.52,2,1,1
120,0.49,6.0,0.42,1,16,16
120,0.49,7.0,0.42,1,16,11
120,0.49,8.0,0.42,1,11,11
120,0.51,2.0,27.63,5,1,2
120,0.51,3.0,15.19,7,1,1
120,0.51,4.0,9.67,9,2,1
120,0.51,5.0,5.53,11,2,1
120,0.51,6.0,4.14,11,2,1
120,0.51,7.0,2.76,11,3,1
120,0.51,8.0,2.76,8,2,1
120,0.53,2.0,16.55,10,1,3
120,0.53,3.0,12.87,10,1,2
120,0.53,4.0,11.03,8,1,2
120,0.53,5.0,7.35,9,1,1
120,0.53,6.0,5.52,7,2,1
120,0.53,7.0,3.68,7,2,1
120,0.53,8.0,3.68,5,1,1
120,0.55,2.0,63.47,2,3,1
120,0.55,3.0,29.09,3,3,1
120,0.55,4.0,13.22,1,5,2
120,0.55,5.0,0.52,1,67,21
120,0.55,6.0,0.52,1,52,16
120,0.55,7.0,0.52,1,26,11
120,0.55,8.0,0.52,1,16,11
120,0.57,2.0,38.87,4,2,1
120,0.57,3.0,17.82,7,2,1
120,0.57,4.0,11.34,7,2,1
120,0.57,5.0,6.48,7,2,1
120,0.57,6.0,4.86,5,2,1
120,0.57,7.0,3.24,1,2,1
120,0.57,8.0,0.32,1,16,11
120,0.59,2.0,12.62,12,1,4
120,0.59,3.0,10.52,10,1,3
120,0.59,4.0,8.42,7,1,2
120,0.59,5.0,6.31,4,1,2
120,0.59,6.0,4.21,5,1,2
120,0.59,7.0,4.21,3,1,1
120,0.59,8.0,4.21,2,1,1
120,0.61,2.0,15.12,5,1,2
120,0.61,3.0,9.07,7,1,2
120,0.61,4.0,6.05,7,1,2
120,0.61,5.0,4.03,6,2,1
120,0.61,6.0,3.02,6,2,1
120,0.61,7.0,2.02,5,2,1
120,0.61,8.0,2.02,2,2,1
120,0.63,2.0,51.49,4,1,2
120,0.63,3.0,26.97,5,2,1
120,0.63,4.0,9.81,1,2,2
120,0.63,5.0,0.48,1,26,21
120,0.63,6.0,0.48,1,21,16
120,0.63,7.0,0.48,1,16,11
120,0.63,8.0,0.48,1,11,11
120,0.65,2.0,15.5,8,1,5
120,0.65,3.0,7.75,10,1,4
120,0.65,4.0,7.75,7,1,3
120,0.65,5.0,7.75,5,1,2
120,0.65,6.0,7.75,3,1,1
120,0.65,7.0,0.5,1,11,11
120,0.65,8.0,0.5,1,11,11
120,0.67,2.0,29.4,7,1,3
120,0.67,3.0,16.03,8,1,2
120,0.67,4.0,10.69,9,1,2
120,0.67,5.0,10.69,4,1,1
120,0.67,6.0,0.52,1,16,16
120,0.67,7.0,0.52,1,16,11
120,0.67,8.0,0.52,1,16,11
120,0.69,2.0,4.82,25,1,9
120,0.69,3.0,3.21,27,1,6
120,0.69,4.0,3.21,15,1,4
120,0.69,5.0,0.31,47,1,21
120,0.69,6.0,0.31,21,1,16
120,0.69,7.0,0.31,1,1,11
120,0.69,8.0,0.31,1,1,11
120,0.71,2.0,64.71,3,2,1
120,0.71,3.0,29.66,3,3,1
120,0.71,4.0,0.53,1,93,36
120,0.71,5.0,0.53,1,67,21
120,0.71,6.0,0.53,1,47,16
120,0.71,7.0,0.53,1,26,11
120,0.71,8.0,0.53,1,26,11
120,0.73,2.0,63.67,3,1,1
120,0.73,3.0,29.18,4,2,1
120,0.73,4.0,18.57,3,2,1
120,0.73,5.0,10.61,3,2,1
120,0.73,6.0,7.96,3,2,1
120,0.73,7.0,5.31,2,2,1
120,0.73,8.0,5.31,1,2,1
120,0.75,2.0,20.69,8,1,4
120,0.75,3.0,10.34,11,1,3
120,0.75,4.0,10.34,7,1,2
120,0.75,5.0,7.76,5,1,2
120,0.75,6.0,7.76,3,1,1
120,0.75,7.0,5.17,3,1,1
120,0.75,8.0,0.51,1,11,11
120,0.77,2.0,31.89,4,4,1
120,0.77,3.0,14.61,5,3,1
120,0.77,4.0,9.3,6,2,1
120,0.77,5.0,5.31,7,3,1
120,0.77,6.0,3.99,6,2,1
120,0.77,7.0,2.66,6,2,1
120,0.77,8.0,2.66,4,2,1
120,0.79,2.0,33.62,4,3,1
120,0.79,3.0,15.41,7,4,1
120,0.79,4.0,9.81,7,3,1
120,0.79,5.0,5.6,9,3,1
120,0.79,6.0,4.2,8,3,1
120,0.79,7.0,2.8,8,3,1
120,0.79,8.0,2.8,5,2,1
120,0.81,2.0,64.04,3,3,1
120,0.81,3.0,29.35,5,3,1
120,0.81,4.0,18.68,4,3,1
120,0.81,5.0,10.67,2,3,1
120,0.81,6.0,0.52,1,26,16
120,0.81,7.0,0.52,1,16,11
120,0.81,8.0,0.52,1,11,11
120,0.83,2.0,38.17,4,2,1
120,0.83,3.0,17.5,5,2,1
120,0.83,4.0,11.13,6,2,1
120,0.83,5.0,6.36,6,2,1
120,0.83,6.0,4.77,5,2,1
120,0.83,7.0,3.18,4,2,1
120,0.83,8.0,0.31,1,11,11
120,0.85,2.0,46.55,4,2,1
120,0.85,3.0,21.34,6,2,1
120,0.85,4.0,11.64,6,1,2
120,0.85,5.0,5.82,6,1,2
120,0.85,6.0,3.88,3,1,2
120,0.85,7.0,0.38,1,11,11
120,0.85,8.0,0.38,1,11,11
120,0.87,2.0,34.83,4,1,2
120,0.87,3.0,18.24,6,2,1
120,0.87,4.0,11.61,5,2,1
120,0.87,5.0,6.63,6,3,1
120,0.87,6.0,0.32,1,31,16
120,0.87,7.0,0.32,1,26,11
120,0.87,8.0,0.32,1,21,11
120,0.89,2.0,28.43,4,2,1
120,0.89,3.0,13.03,7,2,1
120,0.89,4.0,8.29,9,2,1
120,0.89,5.0,4.74,9,2,1
120,0.89,6.0,3.55,3,2,1
120,0.89,7.0,0.23,1,26,11
120,0.89,8.0,0.23,1,21,11
120,0.91,2.0,30.21,4,2,1
120,0.91,3.0,13.84,5,3,1
120,0.91,4.0,8.81,4,3,1
120,0.91,5.0,5.03,2,3,1
120,0.91,6.0,0.25,1,41,16
120,0.91,7.0,0.25,1,26,11
120,0.91,8.0,0.25,1,16,11
120,0.93,2.0,28.74,4,4,1
120,0.93,3.0,13.17,7,7,1
120,0.93,4.0,8.38,8,8,1
120,0.93,5.0,4.79,9,7,1
120,0.93,6.0,3.59,8,4,1
120,0.93,7.0,2.39,7,3,1
120,0.93,8.0,2.39,6,2,1
120,0.95,2.0,28.79,4,3,1
120,0.95,3.0,13.2,6,2,1
120,0.95,4.0,8.4,8,2,1
120,0.95,5.0,4.8,10,2,1
120,0.95,6.0,3.6,10,2,1
120,0.95,7.0,2.4,11,2,1
120,0.95,8.0,2.4,8,2,1
120,0.97,2.0,26.48,4,2,1
120,0.97,3.0,12.14,8,2,1
120,0.97,4.0,7.72,9,2,1
120,0.97,5.0,4.41,13,2,1
120,0.97,6.0,3.31,9,2,1
120,0.97,7.0,2.21,9,2,1
120,0.97,8.0,2.21,6,2,1
120,0.99,2.0,44.19,4,2,1
120,0.99,3.0,20.25,6,3,1
120,0.99,4.0,12.89,6,2,1
120,0.99,5.0,7.37,7,1,1
120,0.99,6.0,5.52,5,1,1
120,0.99,7.0,3.68,4,1,1
120,0.99,8.0,3.68,3,1,1
180,0.01,2.0,27.75,1,195,123
180,0.01,3.0,27.75,1,98,57
180,0.01,4.0,27.75,1,1,36
180,0.01,5.0,27.75,1,1,21
180,0.01,6.0,27.75,1,1,16
180,0.01,7.0,27.75,1,1,11
180,0.01,8.0,27.75,1,1,11
180,0.03,2.0,100.0,12,3,6
180,0.03,3.0,100.0,2,4,4
180,0.03,4.0,3.4,1,41,36
180,0.03,5.0,3.4,1,31,21
180,0.03,6.0,3.4,1,16,16
180,0.03,7.0,3.4,1,1,11
180,0.03,8.0,3.4,1,1,11
180,0.05,2.0,100.0,6,8,2
180,0.05,3.0,64.52,3,4,1
180,0.05,4.0,11.73,1,10,4
180,0.05,5.0,1.15,1,47,21
180,0.05,6.0,1.15,1,21,16
180,0.05,7.0,1.15,1,16,11
180,0.05,8.0,1.15,1,11,11
180,0.07,2.0,100.0,20,4,8
180,0.07,3.0,100.0,10,2,4
180,0.07,4.0,3.81,1,26,36
180,0.07,5.0,3.81,1,21,21
180,0.07,6.0,3.81,1,16,16
180,0.07,7.0,3.81,1,11,11
180,0.07,8.0,3.81,1,11,11
180,0.09,2.0,100.0,22,2,6
180,0.09,3.0,81.84,9,1,2
180,0.09,4.0,68.2,5,1,2
180,0.09,5.0,54.56,3,1,1
180,0.09,6.0,2.66,1,16,16
180,0.09,7.0,2.66,1,11,11
180,0.09,8.0,2.66,1,11,11
180,0.11,2.0,100.0,8,4,2
180,0.11,3.0,58.93,3,1,2
180,0.11,4.0,1.15,1,16,36
180,0.11,5.0,1.15,1,11,21
180,0.11,6.0,1.15,1,1,16
180,0.11,7.0,1.15,1,1,11
180,0.11,8.0,1.15,1,1,11
180,0.13,2.0,100.0,9,3,6
180,0.13,3.0,100.0,6,2,4
180,0.13,4.0,95.61,2,1,2
180,0.13,5.0,3.11,1,26,21
180,0.13,6.0,3.11,1,21,16
180,0.13,7.0,3.11,1,16,11
180,0.13,8.0,3.11,1,11,11
180,0.15,2.0,60.36,3,1,2
180,0.15,3.0,28.87,5,2,1
180,0.15,4.0,18.37,5,2,1
180,0.15,5.0,10.5,3,2,1
180,0.15,6.0,0.51,1,31,16
180,0.15,7.0,0.51,1,21,11
180,0.15,8.0,0.51,1,16,11
180,0.17,2.0,100.0,6,4,2
180,0.17,3.0,81.9,2,2,1
180,0.17,4.0,1.45,1,21,36
180,0.17,5.0,1.45,1,6,21
180,0.17,6.0,1.45,1,6,16
180,0.17,7.0,1.45,1,6,11
180,0.17,8.0,1.45,1,6,11
180,0.19,2.0,100.0,6,6,2
180,0.19,3.0,61.09,3,3,1
180,0.19,4.0,1.08,1,77,36
180,0.19,5.0,1.08,1,21,21
180,0.19,6.0,1.08,1,11,16
180,0.19,7.0,1.08,1,6,11
180,0.19,8.0,1.08,1,6,11
180,0.21,2.0,47.05,6,1,2
180,0.21,3.0,26.89,8,1,2
180,0.21,4.0,16.8,4,1,2
180,0.21,5.0,6.72,1,3,3
180,0.21,6.0,0.66,1,16,16
180,0.21,7.0,0.66,1,11,11
180,0.21,8.0,0.66,1,1,11
180,0.23,2.0,18.22,9,1,3
180,0.23,3.0,14.17,8,1,2
180,0.23,4.0,12.14,5,1,2
180,0.23,5.0,8.1,4,2,1
180,0.23,6.0,6.07,3,2,1
180,0.23,7.0,4.05,4,2,1
180,0.23,8.0,4.05,3,2,1
180,0.25,2.0,100.0,4,6,2
180,0.25,3.0,61.22,3,3,1
180,0.25,4.0,27.83,1,3,2
180,0.25,5.0,1.09,1,36,21
180,0.25,6.0,1.09,1,26,16
180,0.25,7.0,1.09,1,21,11
180,0.25,8.0,1.09,1,16,11
180,0.27,2.0,52.15,4,1,1
180,0.27,3.0,23.9,5,2,1
180,0.27,4.0,15.21,5,2,1
180,0.27,5.0,8.69,5,3,1
180,0.27,6.0,6.52,1,2,1
180,0.27,7.0,0.42,1,16,11
180,0.27,8.0,0.42,1,11,11
180,0.29,2.0,35.98,3,1,2
180,0.29,3.0,23.13,2,1,2
180,0.29,4.0,17.99,2,1,1
180,0.29,5.0,10.28,2,2,1
180,0.29,6.0,0.5,1,16,16
180,0.29,7.0,0.5,1,11,11
180,0.29,8.0,0.5,1,11,11
180,0.31,2.0,56.24,4,1,2
180,0.31,3.0,26.9,5,2,1
180,0.31,4.0,17.12,4,2,1
180,0.31,5.0,9.78,2,1,1
180,0.31,6.0,0.48,1,16,16
180,0.31,7.0,0.48,1,11,11
180,0.31,8.0,0.48,1,11,11
180,0.33,2.0,39.78,5,1,3
180,0.33,3.0,26.52,3,1,2
180,0.33,4.0,0.65,1,31,36
180,0.33,5.0,0.65,1,26,21
180,0.33,6.0,0.65,1,21,16
180,0.33,7.0,0.65,1,16,11
180,0.33,8.0,0.65,1,11,11
180,0.35,2.0,52.58,8,1,3
180,0.35,3.0,47.8,7,1,2
180,0.35,4.0,33.46,5,2,1
180,0.35,5.0,19.12,2,2,1
180,0.35,6.0,0.93,1,31,16
180,0.35,7.0,0.93,1,16,11
180,0.35,8.0,0.93,1,11,11
180,0.37,2.0,94.65,3,3,1
180,0.37,3.0,39.44,1,5,2
180,0.37,4.0,0.77,1,93,36
180,0.37,5.0,0.77,1,52,21
180,0.37,6.0,0.77,1,31,16
180,0.37,7.0,0.77,1,21,11
180,0.37,8.0,0.77,1,16,11
180,0.39,2.0,11.63,7,1,3
180,0.39,3.0,7.76,8,1,2
180,0.39,4.0,6.79,7,1,1
180,0.39,5.0,3.88,9,2,1
180,0.39,6.0,2.91,8,2,1
180,0.39,7.0,1.94,7,3,1
180,0.39,8.0,1.94,3,3,1
180,0.41,2.0,96.28,3,2,1
180,0.41,3.0,44.13,4,2,1
180,0.41,4.0,28.08,3,2,1
180,0.41,5.0,0.78,1,36,21
180,0.41,6.0,0.78,1,31,16
180,0.41,7.0,0.78,1,21,11
180,0.41,8.0,0.78,1,16,11
180,0.43,2.0,52.19,4,2,1
180,0.43,3.0,23.92,7,2,1
180,0.43,4.0,15.22,7,1,1
180,0.43,5.0,8.7,7,2,1
180,0.43,6.0,6.52,3,2,1
180,0.43,7.0,4.35,2,3,1
180,0.43,8.0,2.17,1,4,2
180,0.45,2.0,31.6,4,1,2
180,0.45,3.0,14.22,7,1,2
180,0.45,4.0,9.48,7,1,2
180,0.45,5.0,6.32,5,2,1
180,0.45,6.0,4.74,1,2,1
180,0.45,7.0,0.31,1,11,11
180,0.45,8.0,0.31,1,11,11
180,0.47,2.0,29.68,4,2,1
180,0.47,3.0,13.6,7,2,1
180,0.47,4.0,8.66,8,2,1
180,0.47,5.0,4.95,9,2,1
180,0.47,6.0,3.71,6,2,1
180,0.47,7.0,3.71,3,2,1
180,0.47,8.0,2.47,2,2,1
180,0.49,2.0,31.99,4,2,1
180,0.49,3.0,14.66,5,2,1
180,0.49,4.0,9.33,4,2,1
180,0.49,5.0,0.26,1,47,21
180,0.49,6.0,0.26,1,31,16
180,0.49,7.0,0.26,1,21,11
180,0.49,8.0,0.26,1,16,11
180,0.51,2.0,42.62,4,1,2
180,0.51,3.0,21.31,4,1,2
180,0.51,4.0,5.33,1,3,4
180,0.51,5.0,0.52,1,21,21
180,0.51,6.0,0.52,1,16,16
180,0.51,7.0,0.52,1,16,11
180,0.51,8.0,0.52,1,11,11
180,0.53,2.0,23.18,5,1,2
180,0.53,3.0,10.3,10,1,2
180,0.53,4.0,5.15,15,1,2
180,0.53,5.0,3.86,16,1,2
180,0.53,6.0,3.86,11,1,1
180,0.53,7.0,2.58,8,1,1
180,0.53,8.0,2.58,2,1,1
180,0.55,2.0,25.66,6,1,2
180,0.55,3.0,13.82,9,1,2
180,0.55,4.0,9.87,9,1,2
180,0.55,5.0,7.9,8,1,1
180,0.55,6.0,5.92,6,1,1
180,0.55,7.0,3.95,4,2,1
180,0.55,8.0,3.95,1,2,1
180,0.57,2.0,38.11,4,1,2
180,0.57,3.0,18.23,4,2,1
180,0.57,4.0,11.6,3,2,1
180,0.57,5.0,0.32,1,26,21
180,0.57,6.0,0.32,1,21,16
180,0.57,7.0,0.32,1,11,11
180,0.57,8.0,0.32,1,6,11
180,0.59,2.0,13.05,8,1,3
180,0.59,3.0,8.16,3,1,3
180,0.59,4.0,0.32,1,21,36
180,0.59,5.0,0.32,1,21,21
180,0.59,6.0,0.32,1,16,16
180,0.59,7.0,0.32,1,16,11
180,0.59,8.0,0.32,1,16,11
180,0.61,2.0,24.78,5,1,2
180,0.61,3.0,12.98,7,2,1
180,0.61,4.0,8.26,9,2,1
180,0.61,5.0,4.72,10,2,1
180,0.61,6.0,3.54,7,2,1
180,0.61,7.0,2.36,7,3,1
180,0.61,8.0,2.36,4,2,1
180,0.63,2.0,27.21,5,1,2
180,0.63,3.0,12.89,7,1,2
180,0.63,4.0,7.16,10,1,2
180,0.63,5.0,5.73,5,1,1
180,0.63,6.0,0.28,1,21,16
180,0.63,7.0,0.28,1,16,11
180,0.63,8.0,0.28,1,11,11
180,0.65,2.0,29.74,4,1,2
180,0.65,3.0,16.73,5,1,2
180,0.65,4.0,11.15,3,1,2
180,0.65,5.0,7.43,2,2,1
180,0.65,6.0,5.58,2,2,1
180,0.65,7.0,3.72,1,2,1
180,0.65,8.0,0.36,1,16,11
180,0.67,2.0,20.41,4,2,1
180,0.67,3.0,9.36,5,3,1
180,0.67,4.0,5.95,5,3,1
180,0.67,5.0,3.4,5,3,1
180,0.67,6.0,2.55,1,3,1
180,0.67,7.0,0.17,1,41,11
180,0.67,8.0,0.17,1,31,11
180,0.69,2.0,26.33,4,2,1
180,0.69,3.0,12.07,6,2,1
180,0.69,4.0,7.68,7,2,1
180,0.69,5.0,4.39,9,3,1
180,0.69,6.0,3.29,6,3,1
180,0.69,7.0,2.19,5,4,1
180,0.69,8.0,2.19,2,3,1
180,0.71,2.0,30.98,5,1,2
180,0.71,3.0,23.24,4,1,2
180,0.71,4.0,18.07,3,1,1
180,0.71,5.0,10.33,2,2,1
180,0.71,6.0,0.5,1,21,16
180,0.71,7.0,0.5,1,21,11
180,0.71,8.0,0.5,1,16,11
180,0.73,2.0,27.22,3,2,1
180,0.73,3.0,12.48,5,3,1
180,0.73,4.0,7.94,5,2,1
180,0.73,5.0,4.54,6,3,1
180,0.73,6.0,3.4,5,2,1
180,0.73,7.0,2.27,3,2,1
180,0.73,8.0,0.22,1,16,11
180,0.75,2.0,16.52,4,3,1
180,0.75,3.0,7.57,8,3,1
180,0.75,4.0,4.82,9,2,1
180,0.75,5.0,2.75,11,3,1
180,0.75,6.0,2.07,11,3,1
180,0.75,7.0,1.38,8,3,1
180,0.75,8.0,1.38,4,3,1
180,0.77,2.0,26.72,4,3,1
180,0.77,3.0,12.25,7,3,1
180,0.77,4.0,7.79,6,3,1
180,0.77,5.0,4.45,6,3,1
180,0.77,6.0,3.34,3,3,1
180,0.77,7.0,2.23,1,4,1
180,0.77,8.0,0.22,1,26,11
180,0.79,2.0,64.92,3,2,1
180,0.79,3.0,29.75,5,3,1
180,0.79,4.0,18.93,4,2,1
180,0.79,5.0,10.82,2,2,1
180,0.79,6.0,0.53,1,26,16
180,0.79,7.0,0.53,1,21,11
180,0.79,8.0,0.53,1,16,11
180,0.81,2.0,53.63,4,2,1
180,0.81,3.0,24.58,7,3,1
180,0.81,4.0,15.64,8,3,1
180,0.81,5.0,8.94,8,3,1
180,0.81,6.0,6.7,3,3,1
180,0.81,7.0,0.44,1,26,11
180,0.81,8.0,0.44,1,16,11
180,0.83,2.0,36.46,4,2,1
180,0.83,3.0,16.71,5,2,1
180,0.83,4.0,10.63,6,2,1
180,0.83,5.0,6.08,5,3,1
180,0.83,6.0,4.56,3,3,1
180,0.83,7.0,0.3,1,31,11
180,0.83,8.0,0.3,1,31,11
180,0.85,2.0,11.11,8,1,3
180,0.85,3.0,6.67,9,1,2
180,0.85,4.0,5.55,6,1,2
180,0.85,5.0,4.44,3,1,1
180,0.85,6.0,0.22,1,21,16
180,0.85,7.0,0.22,1,16,11
180,0.85,8.0,0.22,1,16,11
180,0.87,2.0,23.59,7,1,2
180,0.87,3.0,15.73,9,1,2
180,0.87,4.0,11.01,10,1,1
180,0.87,5.0,6.29,12,2,1
180,0.87,6.0,4.72,6,2,1
180,0.87,7.0,3.15,2,2,1
180,0.87,8.0,0.31,1,11,11
180,0.89,2.0,18.21,6,1,2
180,0.89,3.0,10.92,6,1,2
180,0.89,4.0,6.07,7,1,2
180,0.89,5.0,4.86,6,1,1
180,0.89,6.0,3.64,3,2,1
180,0.89,7.0,2.43,3,2,1
180,0.89,8.0,2.43,2,2,1
180,0.91,2.0,22.03,5,1,2
180,0.91,3.0,11.54,8,2,1
180,0.91,4.0,7.34,9,2,1
180,0.91,5.0,4.2,12,2,1
180,0.91,6.0,3.15,10,2,1
180,0.91,7.0,2.1,8,2,1
180,0.91,8.0,2.1,6,2,1
180,0.93,2.0,9.35,7,1,2
180,0.93,3.0,6.23,8,1,2
180,0.93,4.0,3.9,7,1,2
180,0.93,5.0,3.12,3,1,1
180,0.93,6.0,1.56,1,2,2
180,0.93,7.0,0.15,1,16,11
180,0.93,8.0,0.15,1,11,11
180,0.95,2.0,34.45,4,2,1
180,0.95,3.0,15.79,4,2,1
180,0.95,4.0,10.05,4,2,1
180,0.95,5.0,5.74,2,3,1
180,0.95,6.0,2.87,1,4,2
180,0.95,7.0,0.28,1,26,11
180,0.95,8.0,0.28,1,26,11
180,0.97,2.0,22.61,4,3,1
180,0.97,3.0,10.36,5,3,1
180,0.97,4.0,6.6,2,3,1
180,0.97,5.0,0.94,1,12,4
180,0.97,6.0,0.18,1,47,16
180,0.97,7.0,0.18,1,31,11
180,0.97,8.0,0.18,1,26,11
180,0.99,2.0,16.05,4,2,1
180,0.99,3.0,7.35,6,2,1
180,0.99,4.0,4.68,5,2,1
180,0.99,5.0,0.13,1,36,21
180,0.99,6.0,0.13,1,31,16
180,0.99,7.0,0.13,1,26,11
180,0.99,8.0,0.13,1,21,11
240,0.01,2.0,33.56,1,1,1
240,0.01,3.0,33.56,1,1,1
240,0.01,4.0,33.56,1,1,1
240,0.01,5.0,33.56,1,1,1
240,0.01,6.0,33.56,1,1,1
240,0.01,7.0,33.56,1,1,1
240,0.01,8.0,33.56,1,1,1
240,0.03,2.0,100.0,38,19,19
240,0.03,3.0,100.0,4,12,12
240,0.03,4.0,100.0,2,10,8
240,0.03,5.0,78.69,1,6,4
240,0.03,6.0,78.69,1,4,3
240,0.03,7.0,78.69,1,3,2
240,0.03,8.0,15.37,1,16,11
240,0.05,2.0,100.0,4,4,2
240,0.05,3.0,87.23,2,2,1
240,0.05,4.0,1.55,1,31,36
240,0.05,5.0,1.55,1,16,21
240,0.05,6.0,1.55,1,11,16
240,0.05,7.0,1.55,1,11,11
240,0.05,8.0,1.55,1,1,11
240,0.07,2.0,72.84,8,1,3
240,0.07,3.0,48.56,3,1,2
240,0.07,4.0,24.28,1,2,3
240,0.07,5.0,1.58,1,16,21
240,0.07,6.0,1.58,1,16,16
240,0.07,7.0,1.58,1,11,11
240,0.07,8.0,1.58,1,11,11
240,0.09,2.0,89.03,7,1,3
240,0.09,3.0,48.56,5,1,2
240,0.09,4.0,16.19,1,2,4
240,0.09,5.0,1.58,1,11,21
240,0.09,6.0,1.58,1,1,16
240,0.09,7.0,1.58,1,1,11
240,0.09,8.0,1.58,1,1,11
240,0.11,2.0,100.0,9,6,3
240,0.11,3.0,100.0,4,2,4
240,0.11,4.0,11.9,1,5,7
240,0.11,5.0,2.32,1,21,21
240,0.11,6.0,2.32,1,16,16
240,0.11,7.0,2.32,1,11,11
240,0.11,8.0,2.32,1,11,11
240,0.13,2.0,100.0,6,6,3
240,0.13,3.0,100.0,4,4,2
240,0.13,4.0,64.75,2,1,2
240,0.13,5.0,32.37,2,1,2
240,0.13,6.0,21.58,2,1,2
240,0.13,7.0,2.11,16,1,11
240,0.13,8.0,2.11,11,1,11
240,0.15,2.0,30.09,7,1,4
240,0.15,3.0,22.57,6,1,2
240,0.15,4.0,18.81,4,1,2
240,0.15,5.0,15.04,3,1,1
240,0.15,6.0,11.28,1,1,1
240,0.15,7.0,0.73,1,16,11
240,0.15,8.0,0.73,1,11,11
240,0.17,2.0,100.0,10,2,4
240,0.17,3.0,66.27,5,2,1
240,0.17,4.0,42.17,3,2,1
240,0.17,5.0,24.1,2,2,1
240,0.17,6.0,1.18,1,36,16
240,0.17,7.0,1.18,1,26,11
240,0.17,8.0,1.18,1,21,11
240,0.19,2.0,29.57,5,1,3
240,0.19,3.0,23.0,4,1,2
240,0.19,4.0,0.64,1,31,36
240,0.19,5.0,0.64,1,26,21
240,0.19,6.0,0.64,1,26,16
240,0.19,7.0,0.64,1,21,11
240,0.19,8.0,0.64,1,16,11
240,0.21,2.0,99.58,4,1,2
240,0.21,3.0,45.27,5,1,2
240,0.21,4.0,31.69,2,1,1
240,0.21,5.0,0.88,1,26,21
240,0.21,6.0,0.88,1,21,16
240,0.21,7.0,0.88,1,11,11
240,0.21,8.0,0.88,1,6,11
240,0.23,2.0,86.39,4,2,1
240,0.23,3.0,39.6,6,2,1
240,0.23,4.0,25.2,2,1,1
240,0.23,5.0,10.8,1,2,2
240,0.23,6.0,0.7,1,16,16
240,0.23,7.0,0.7,1,11,11
240,0.23,8.0,0.7,1,1,11
240,0.25,2.0,29.26,7,1,3
240,0.25,3.0,18.62,6,1,2
240,0.25,4.0,13.3,4,1,2
240,0.25,5.0,10.64,1,2,1
240,0.25,6.0,0.52,1,21,16
240,0.25,7.0,0.52,1,21,11
240,0.25,8.0,0.52,1,16,11
240,0.27,2.0,35.77,7,1,3
240,0.27,3.0,26.83,8,1,2
240,0.27,4.0,20.87,5,1,1
240,0.27,5.0,11.92,3,1,1
240,0.27,6.0,0.58,1,16,16
240,0.27,7.0,0.58,1,11,11
240,0.27,8.0,0.58,1,1,11
240,0.29,2.0,37.98,4,3,1
240,0.29,3.0,17.41,7,3,1
240,0.29,4.0,11.08,9,3,1
240,0.29,5.0,6.33,4,3,1
240,0.29,6.0,0.31,1,26,16
240,0.29,7.0,0.31,1,21,11
240,0.29,8.0,0.31,1,16,11
240,0.31,2.0,36.46,4,2,1
240,0.31,3.0,16.71,6,2,1
240,0.31,4.0,10.63,5,1,1
240,0.31,5.0,6.08,2,1,1
240,0.31,6.0,0.3,1,21,16
240,0.31,7.0,0.3,1,16,11
240,0.31,8.0,0.3,1,11,11
240,0.33,2.0,26.87,4,2,1
240,0.33,3.0,12.32,5,2,1
240,0.33,4.0,6.72,1,2,2
240,0.33,5.0,0.22,1,31,21
240,0.33,6.0,0.22,1,16,16
240,0.33,7.0,0.22,1,11,11
240,0.33,8.0,0.22,1,1,11
240,0.35,2.0,54.22,2,2,1
240,0.35,3.0,24.85,2,2,1
240,0.35,4.0,0.44,1,57,36
240,0.35,5.0,0.44,1,26,21
240,0.35,6.0,0.44,1,11,16
240,0.35,7.0,0.44,1,1,11
240,0.35,8.0,0.44,1,1,11
240,0.37,2.0,40.51,4,3,1
240,0.37,3.0,18.57,4,4,1
240,0.37,4.0,11.82,2,3,1
240,0.37,5.0,3.38,1,4,2
240,0.37,6.0,0.33,1,16,16
240,0.37,7.0,0.33,1,1,11
240,0.37,8.0,0.33,1,1,11
240,0.39,2.0,29.33,3,2,1
240,0.39,3.0,13.44,4,3,1
240,0.39,4.0,0.24,1,88,36
240,0.39,5.0,0.24,1,47,21
240,0.39,6.0,0.24,1,21,16
240,0.39,7.0,0.24,1,6,11
240,0.39,8.0,0.24,1,1,11
240,0.41,2.0,42.23,3,2,1
240,0.41,3.0,19.36,3,2,1
240,0.41,4.0,5.28,1,5,3
240,0.41,5.0,0.34,1,36,21
240,0.41,6.0,0.34,1,26,16
240,0.41,7.0,0.34,1,16,11
240,0.41,8.0,0.34,1,11,11
240,0.43,2.0,22.12,4,1,2
240,0.43,3.0,11.58,5,2,1
240,0.43,4.0,6.32,1,2,2
240,0.43,5.0,0.21,1,26,21
240,0.43,6.0,0.21,1,21,16
240,0.43,7.0,0.21,1,16,11
240,0.43,8.0,0.21,1,11,11
240,0.45,2.0,51.84,3,2,1
240,0.45,3.0,23.76,4,2,1
240,0.45,4.0,15.12,3,2,1
240,0.45,5.0,4.32,1,4,3
240,0.45,6.0,0.42,1,16,16
240,0.45,7.0,0.42,1,1,11
240,0.45,8.0,0.42,1,1,11
240,0.47,2.0,35.54,3,2,1
240,0.47,3.0,16.29,2,2,1
240,0.47,4.0,0.29,1,47,36
240,0.47,5.0,0.29,1,31,21
240,0.47,6.0,0.29,1,21,16
240,0.47,7.0,0.29,1,6,11
240,0.47,8.0,0.29,1,1,11
240,0.49,2.0,17.17,4,2,1
240,0.49,3.0,7.87,5,2,1
240,0.49,4.0,5.01,5,3,1
240,0.49,5.0,2.86,4,3,1
240,0.49,6.0,1.43,1,4,2
240,0.49,7.0,0.14,1,26,11
240,0.49,8.0,0.14,1,16,11
240,0.51,2.0,17.99,4,2,1
240,0.51,3.0,8.25,3,2,1
240,0.51,4.0,0.15,1,57,36
240,0.51,5.0,0.15,1,41,21
240,0.51,6.0,0.15,1,31,16
240,0.51,7.0,0.15,1,21,11
240,0.51,8.0,0.15,1,16,11
240,0.53,2.0,29.83,4,2,1
240,0.53,3.0,13.67,5,2,1
240,0.53,4.0,8.7,2,2,1
240,0.53,5.0,0.24,1,47,21
240,0.53,6.0,0.24,1,21,16
240,0.53,7.0,0.24,1,1,11
240,0.53,8.0,0.24,1,1,11
240,0.55,2.0,18.06,4,1,2
240,0.55,3.0,9.03,4,2,1
240,0.55,4.0,1.64,1,4,4
240,0.55,5.0,0.16,1,21,21
240,0.55,6.0,0.16,1,16,16
240,0.55,7.0,0.16,1,1,11
240,0.55,8.0,0.16,1,1,11
240,0.57,2.0,24.09,5,1,2
240,0.57,3.0,12.85,3,1,2
240,0.57,4.0,0.31,1,26,36
240,0.57,5.0,0.31,1,21,21
240,0.57,6.0,0.31,1,16,16
240,0.57,7.0,0.31,1,11,11
240,0.57,8.0,0.31,1,6,11
240,0.59,2.0,21.01,4,1,2
240,0.59,3.0,14.45,2,1,1
240,0.59,4.0,0.26,1,36,36
240,0.59,5.0,0.26,1,16,21
240,0.59,6.0,0.26,1,1,16
240,0.59,7.0,0.26,1,1,11
240,0.59,8.0,0.26,1,1,11
240,0.61,2.0,30.8,5,1,2
240,0.61,3.0,17.83,6,1,1
240,0.61,4.0,11.35,5,1,1
240,0.61,5.0,6.48,3,2,1
240,0.61,6.0,3.24,1,2,2
240,0.61,7.0,0.32,1,11,11
240,0.61,8.0,0.32,1,1,11
240,0.63,2.0,22.12,4,2,1
240,0.63,3.0,10.14,5,2,1
240,0.63,4.0,6.45,4,2,1
240,0.63,5.0,2.76,1,3,2
240,0.63,6.0,0.18,1,16,16
240,0.63,7.0,0.18,1,1,11
240,0.63,8.0,0.18,1,1,11
240,0.65,2.0,22.12,4,2,1
240,0.65,3.0,10.14,5,2,1
240,0.65,4.0,6.45,4,2,1
240,0.65,5.0,2.76,1,3,2
240,0.65,6.0,0.18,1,16,16
240,0.65,7.0,0.18,1,1,11
240,0.65,8.0,0.18,1,1,11
240,0.67,2.0,18.46,4,2,1
240,0.67,3.0,8.46,4,2,1
240,0.67,4.0,5.38,1,2,1
240,0.67,5.0,0.15,1,47,21
240,0.67,6.0,0.15,1,26,16
240,0.67,7.0,0.15,1,16,11
240,0.67,8.0,0.15,1,6,11
240,0.69,2.0,30.19,4,3,1
240,0.69,3.0,13.84,6,3,1
240,0.69,4.0,8.81,4,2,1
240,0.69,5.0,5.03,2,2,1
240,0.69,6.0,0.25,1,1,16
240,0.69,7.0,0.25,1,1,11
240,0.69,8.0,0.25,1,1,11
240,0.71,2.0,20.91,4,2,1
240,0.71,3.0,9.58,6,2,1
240,0.71,4.0,6.1,5,2,1
240,0.71,5.0,0.17,1,41,21
240,0.71,6.0,0.17,1,31,16
240,0.71,7.0,0.17,1,26,11
240,0.71,8.0,0.17,1,16,11
240,0.73,2.0,15.03,4,1,1
240,0.73,3.0,6.89,7,2,1
240,0.73,4.0,4.38,6,2,1
240,0.73,5.0,2.5,4,2,1
240,0.73,6.0,0.12,1,26,16
240,0.73,7.0,0.12,1,11,11
240,0.73,8.0,0.12,1,1,11
240,0.75,2.0,17.1,4,3,1
240,0.75,3.0,7.84,4,3,1
240,0.75,4.0,3.56,1,4,2
240,0.75,5.0,0.14,1,57,21
240,0.75,6.0,0.14,1,36,16
240,0.75,7.0,0.14,1,21,11
240,0.75,8.0,0.14,1,11,11
240,0.77,2.0,16.29,4,2,1
240,0.77,3.0,7.46,7,3,1
240,0.77,4.0,4.75,5,3,1
240,0.77,5.0,2.71,3,3,1
240,0.77,6.0,0.13,1,41,16
240,0.77,7.0,0.13,1,21,11
240,0.77,8.0,0.13,1,6,11
240,0.79,2.0,10.87,4,3,1
240,0.79,3.0,4.98,6,4,1
240,0.79,4.0,3.17,5,3,1
240,0.79,5.0,1.81,2,4,1
240,0.79,6.0,0.09,1,57,16
240,0.79,7.0,0.09,1,41,11
240,0.79,8.0,0.09,1,31,11
240,0.81,2.0,29.71,3,1,2
240,0.81,3.0,15.56,3,2,1
240,0.81,4.0,4.24,1,4,3
240,0.81,5.0,0.28,1,36,21
240,0.81,6.0,0.28,1,26,16
240,0.81,7.0,0.28,1,11,11
240,0.81,8.0,0.28,1,1,11
240,0.83,2.0,15.0,4,2,1
240,0.83,3.0,6.88,4,2,1
240,0.83,4.0,3.75,1,2,2
240,0.83,5.0,0.12,1,36,21
240,0.83,6.0,0.12,1,26,16
240,0.83,7.0,0.12,1,21,11
240,0.83,8.0,0.12,1,11,11
240,0.85,2.0,16.51,3,1,1
240,0.85,3.0,7.57,4,2,1
240,0.85,4.0,4.82,2,2,1
240,0.85,5.0,0.13,1,47,21
240,0.85,6.0,0.13,1,36,16
240,0.85,7.0,0.13,1,21,11
240,0.85,8.0,0.13,1,16,11
240,0.87,2.0,13.65,3,2,1
240,0.87,3.0,6.26,3,3,1
240,0.87,4.0,0.11,1,82,36
240,0.87,5.0,0.11,1,57,21
240,0.87,6.0,0.11,1,36,16
240,0.87,7.0,0.11,1,26,11
240,0.87,8.0,0.11,1,16,11
240,0.89,2.0,16.81,4,3,1
240,0.89,3.0,7.71,6,4,1
240,0.89,4.0,4.9,3,4,1
240,0.89,5.0,0.14,1,88,21
240,0.89,6.0,0.14,1,62,16
240,0.89,7.0,0.14,1,47,11
240,0.89,8.0,0.14,1,36,11
240,0.91,2.0,13.57,3,2,1
240,0.91,3.0,6.22,3,3,1
240,0.91,4.0,3.96,2,3,1
240,0.91,5.0,0.11,1,77,21
240,0.91,6.0,0.11,1,62,16
240,0.91,7.0,0.11,1,47,11
240,0.91,8.0,0.11,1,31,11
240,0.93,2.0,8.91,5,1,2
240,0.93,3.0,5.77,7,1,1
240,0.93,4.0,3.67,6,2,1
240,0.93,5.0,1.05,1,3,3
240,0.93,6.0,0.1,1,16,16
240,0.93,7.0,0.1,1,1,11
240,0.93,8.0,0.1,1,1,11
240,0.95,2.0,14.38,4,1,2
240,0.95,3.0,7.19,6,2,1
240,0.95,4.0,4.58,5,2,1
240,0.95,5.0,1.96,1,4,2
240,0.95,6.0,0.13,1,31,16
240,0.95,7.0,0.13,1,26,11
240,0.95,8.0,0.13,1,21,11
240,0.97,2.0,16.85,3,2,1
240,0.97,3.0,7.72,3,2,1
240,0.97,4.0,2.81,1,3,2
240,0.97,5.0,0.14,1,47,21
240,0.97,6.0,0.14,1,31,16
240,0.97,7.0,0.14,1,21,11
240,0.97,8.0,0.14,1,11,11
240,0.99,2.0,14.99,3,2,1
240,0.99,3.0,6.87,4,3,1
240,0.99,4.0,0.12,1,82,36
240,0.99,5.0,0.12,1,62,21
240,0.99,6.0,0.12,1,47,16
240,0.99,7.0,0.12,1,36,11
240,0.99,8.0,0.12,1,21,11
300,0.01,2.0,100.0,44,44,22
300,0.01,3.0,100.0,22,22,11
300,0.01,4.0,17.84,1,11,36
300,0.01,5.0,17.84,1,1,21
300,0.01,6.0,17.84,1,1,16
300,0.01,7.0,17.84,1,1,11
300,0.01,8.0,17.84,1,1,11
300,0.03,2.0,100.0,10,5,10
300,0.03,3.0,100.0,4,2,4
300,0.03,4.0,83.85,2,1,3
300,0.03,5.0,55.9,2,1,2
300,0.03,6.0,55.9,2,1,2
300,0.03,7.0,27.95,2,1,2
300,0.03,8.0,27.95,2,1,2
300,0.05,2.0,100.0,12,3,6
300,0.05,3.0,100.0,8,2,4
300,0.05,4.0,11.44,1,6,7
300,0.05,5.0,2.23,1,21,21
300,0.05,6.0,2.23,1,16,16
300,0.05,7.0,2.23,1,16,11
300,0.05,8.0,2.23,1,11,11
300,0.07,2.0,100.0,12,12,4
300,0.07,3.0,100.0,2,6,4
300,0.07,4.0,3.2,1,36,36
300,0.07,5.0,3.2,1,21,21
300,0.07,6.0,3.2,1,11,16
300,0.07,7.0,3.2,1,11,11
300,0.07,8.0,3.2,1,1,11
300,0.09,2.0,35.47,6,1,2
300,0.09,3.0,17.74,5,1,2
300,0.09,4.0,13.3,3,1,2
300,0.09,5.0,0.43,1,21,21
300,0.09,6.0,0.43,1,16,16
300,0.09,7.0,0.43,1,11,11
300,0.09,8.0,0.43,1,11,11
300,0.11,2.0,71.58,4,3,1
300,0.11,3.0,32.81,5,5,1
300,0.11,4.0,20.88,6,2,1
300,0.11,5.0,11.93,3,1,1
300,0.11,6.0,0.58,1,16,16
300,0.11,7.0,0.58,1,11,11
300,0.11,8.0,0.58,1,11,11
300,0.13,2.0,92.65,4,1,1
300,0.13,3.0,27.02,5,1,2
300,0.13,4.0,0.75,1,16,36
300,0.13,5.0,0.75,1,6,21
300,0.13,6.0,0.75,1,1,16
300,0.13,7.0,0.75,1,1,11
300,0.13,8.0,0.75,1,1,11
300,0.15,2.0,100.0,6,2,4
300,0.15,3.0,83.85,3,2,1
300,0.15,4.0,53.36,2,2,1
300,0.15,5.0,30.49,3,2,1
300,0.15,6.0,22.87,2,1,1
300,0.15,7.0,7.62,5,1,2
300,0.15,8.0,1.49,21,1,11
300,0.17,2.0,100.0,6,2,4
300,0.17,3.0,83.85,3,2,1
300,0.17,4.0,53.36,2,2,1
300,0.17,5.0,30.49,3,2,1
300,0.17,6.0,22.87,2,1,1
300,0.17,7.0,7.62,5,1,2
300,0.17,8.0,1.49,21,1,11
300,0.19,2.0,35.13,3,2,1
300,0.19,3.0,14.64,1,2,2
300,0.19,4.0,0.29,1,6,36
300,0.19,5.0,0.29,1,1,21
300,0.19,6.0,0.29,1,1,16
300,0.19,7.0,0.29,1,1,11
300,0.19,8.0,0.29,1,1,11
300,0.21,2.0,100.0,8,2,4
300,0.21,3.0,79.02,2,1,1
300,0.21,4.0,1.4,1,36,36
300,0.21,5.0,1.4,1,26,21
300,0.21,6.0,1.4,1,21,16
300,0.21,7.0,1.4,1,16,11
300,0.21,8.0,1.4,1,11,11
300,0.23,2.0,45.99,3,2,1
300,0.23,3.0,19.16,4,1,2
300,0.23,4.0,11.5,1,1,2
300,0.23,5.0,0.37,1,21,21
300,0.23,6.0,0.37,1,16,16
300,0.23,7.0,0.37,1,11,11
300,0.23,8.0,0.37,1,11,11
300,0.25,2.0,64.64,4,3,1
300,0.25,3.0,29.63,7,1,1
300,0.25,4.0,10.77,4,1,2
300,0.25,5.0,5.39,1,2,2
300,0.25,6.0,0.53,1,11,16
300,0.25,7.0,0.53,1,11,11
300,0.25,8.0,0.53,1,6,11
300,0.27,2.0,18.47,4,3,1
300,0.27,3.0,8.46,5,4,1
300,0.27,4.0,5.39,2,3,1
300,0.27,5.0,0.15,1,72,21
300,0.27,6.0,0.15,1,52,16
300,0.27,7.0,0.15,1,31,11
300,0.27,8.0,0.15,1,21,11
300,0.29,2.0,51.93,5,1,2
300,0.29,3.0,31.73,4,2,1
300,0.29,4.0,20.19,2,2,1
300,0.29,5.0,8.65,1,2,2
300,0.29,6.0,5.77,1,2,2
300,0.29,7.0,0.56,1,1,11
300,0.29,8.0,0.56,1,1,11
300,0.31,2.0,21.42,4,1,2
300,0.31,3.0,11.78,5,2,1
300,0.31,4.0,7.5,2,1,1
300,0.31,5.0,0.21,1,21,21
300,0.31,6.0,0.21,1,16,16
300,0.31,7.0,0.21,1,11,11
300,0.31,8.0,0.21,1,6,11
300,0.33,2.0,37.61,4,2,1
300,0.33,3.0,17.24,6,2,1
300,0.33,4.0,10.97,3,2,1
300,0.33,5.0,0.31,1,31,21
300,0.33,6.0,0.31,1,21,16
300,0.33,7.0,0.31,1,16,11
300,0.33,8.0,0.31,1,11,11
300,0.35,2.0,23.47,4,1,2
300,0.35,3.0,14.44,3,1,2
300,0.35,4.0,10.83,2,1,2
300,0.35,5.0,0.35,1,21,21
300,0.35,6.0,0.35,1,16,16
300,0.35,7.0,0.35,1,16,11
300,0.35,8.0,0.35,1,11,11
300,0.37,2.0,34.96,3,2,1
300,0.37,3.0,16.03,3,2,1
300,0.37,4.0,8.74,1,2,2
300,0.37,5.0,0.28,11,1,21
300,0.37,6.0,0.28,1,1,16
300,0.37,7.0,0.28,1,1,11
300,0.37,8.0,0.28,1,1,11
300,0.39,2.0,34.43,3,2,1
300,0.39,3.0,15.78,3,2,1
300,0.39,4.0,0.28,1,57,36
300,0.39,5.0,0.28,1,47,21
300,0.39,6.0,0.28,1,31,16
300,0.39,7.0,0.28,1,16,11
300,0.39,8.0,0.28,1,11,11
300,0.41,2.0,40.46,3,3,1
300,0.41,3.0,18.54,3,5,1
300,0.41,4.0,11.8,2,4,1
300,0.41,5.0,3.37,1,6,2
300,0.41,6.0,0.33,1,21,16
300,0.41,7.0,0.33,1,11,11
300,0.41,8.0,0.33,1,1,11
300,0.43,2.0,15.93,4,1,2
300,0.43,3.0,8.85,4,1,2
300,0.43,4.0,3.54,1,2,2
300,0.43,5.0,0.17,1,26,21
300,0.43,6.0,0.17,1,21,16
300,0.43,7.0,0.17,1,16,11
300,0.43,8.0,0.17,1,11,11
300,0.45,2.0,24.19,4,1,2
300,0.45,3.0,14.01,2,1,1
300,0.45,4.0,0.25,1,41,36
300,0.45,5.0,0.25,1,31,21
300,0.45,6.0,0.25,1,21,16
300,0.45,7.0,0.25,1,16,11
300,0.45,8.0,0.25,1,1,11
300,0.47,2.0,17.9,4,3,1
300,0.47,3.0,8.2,2,3,1
300,0.47,4.0,0.15,1,103,36
300,0.47,5.0,0.15,1,77,21
300,0.47,6.0,0.15,1,47,16
300,0.47,7.0,0.15,1,26,11
300,0.47,8.0,0.15,1,1,11
300,0.49,2.0,17.67,6,1,2
300,0.49,3.0,12.23,6,1,2
300,0.49,4.0,9.52,3,1,1
300,0.49,5.0,0.27,1,31,21
300,0.49,6.0,0.27,1,26,16
300,0.49,7.0,0.27,1,16,11
300,0.49,8.0,0.27,1,11,11
300,0.51,2.0,17.44,3,2,1
300,0.51,3.0,7.99,3,2,1
300,0.51,4.0,0.14,1,77,36
300,0.51,5.0,0.14,1,52,21
300,0.51,6.0,0.14,1,41,16
300,0.51,7.0,0.14,1,26,11
300,0.51,8.0,0.14,1,16,11
300,0.53,2.0,19.89,3,3,1
300,0.53,3.0,9.12,3,4,1
300,0.53,4.0,0.16,1,93,36
300,0.53,5.0,0.16,1,47,21
300,0.53,6.0,0.16,1,11,16
300,0.53,7.0,0.16,1,1,11
300,0.53,8.0,0.16,1,1,11
300,0.55,2.0,22.66,3,2,1
300,0.55,3.0,10.38,3,2,1
300,0.55,4.0,0.18,1,67,36
300,0.55,5.0,0.18,1,47,21
300,0.55,6.0,0.18,1,31,16
300,0.55,7.0,0.18,1,21,11
300,0.55,8.0,0.18,1,11,11
300,0.57,2.0,20.92,4,1,2
300,0.57,3.0,11.51,5,2,1
300,0.57,4.0,7.32,2,2,1
300,0.57,5.0,0.2,1,26,21
300,0.57,6.0,0.2,1,6,16
300,0.57,7.0,0.2,1,1,11
300,0.57,8.0,0.2,1,1,11
300,0.59,2.0,31.95,2,3,1
300,0.59,3.0,14.64,2,3,1
300,0.59,4.0,2.66,1,11,4
300,0.59,5.0,0.26,1,72,21
300,0.59,6.0,0.26,1,41,16
300,0.59,7.0,0.26,1,26,11
300,0.59,8.0,0.26,1,1,11
300,0.61,2.0,15.06,6,1,2
300,0.61,3.0,11.05,6,1,1
300,0.61,4.0,7.03,5,2,1
300,0.61,5.0,4.02,3,2,1
300,0.61,6.0,0.2,1,21,16
300,0.61,7.0,0.2,1,11,11
300,0.61,8.0,0.2,1,1,11
300,0.63,2.0,17.26,4,3,1
300,0.63,3.0,7.91,5,4,1
300,0.63,4.0,5.03,3,4,1
300,0.63,5.0,0.14,1,57,21
300,0.63,6.0,0.14,1,21,16
300,0.63,7.0,0.14,1,1,11
300,0.63,8.0,0.14,1,1,11
300,0.65,2.0,30.56,3,1,1
300,0.65,3.0,14.01,3,2,1
300,0.65,4.0,0.25,1,62,36
300,0.65,5.0,0.25,1,47,21
300,0.65,6.0,0.25,1,26,16
300,0.65,7.0,0.25,1,11,11
300,0.65,8.0,0.25,1,1,11
300,0.67,2.0,38.82,3,4,1
300,0.67,3.0,17.79,3,5,1
300,0.67,4.0,9.71,1,3,2
300,0.67,5.0,0.32,1,31,21
300,0.67,6.0,0.32,1,26,16
300,0.67,7.0,0.32,1,1,11
300,0.67,8.0,0.32,1,1,11
300,0.69,2.0,13.27,4,2,1
300,0.69,3.0,6.08,6,3,1
300,0.69,4.0,3.87,4,3,1
300,0.69,5.0,0.11,1,47,21
300,0.69,6.0,0.11,1,31,16
300,0.69,7.0,0.11,1,21,11
300,0.69,8.0,0.11,1,16,11
300,0.71,2.0,15.87,4,3,1
300,0.71,3.0,7.27,5,2,1
300,0.71,4.0,0.13,108,1,36
300,0.71,5.0,0.13,26,1,21
300,0.71,6.0,0.13,1,1,16
300,0.71,7.0,0.13,1,1,11
300,0.71,8.0,0.13,1,1,11
300,0.73,2.0,23.75,4,2,1
300,0.73,3.0,10.89,4,2,1
300,0.73,4.0,0.19,1,67,36
300,0.73,5.0,0.19,1,36,21
300,0.73,6.0,0.19,1,1,16
300,0.73,7.0,0.19,1,1,11
300,0.73,8.0,0.19,1,1,11
300,0.75,2.0,16.83,3,2,1
300,0.75,3.0,7.72,5,3,1
300,0.75,4.0,2.1,1,5,3
300,0.75,5.0,0.14,1,47,21
300,0.75,6.0,0.14,1,31,16
300,0.75,7.0,0.14,1,16,11
300,0.75,8.0,0.14,1,1,11
300,0.77,2.0,17.05,4,3,1
300,0.77,3.0,7.81,4,3,1
300,0.77,4.0,4.97,2,3,1
300,0.77,5.0,0.14,1,72,21
300,0.77,6.0,0.14,1,57,16
300,0.77,7.0,0.14,1,36,11
300,0.77,8.0,0.14,1,21,11
300,0.79,2.0,12.83,3,4,1
300,0.79,3.0,5.35,1,4,2
300,0.79,4.0,0.1,1,118,36
300,0.79,5.0,0.1,1,82,21
300,0.79,6.0,0.1,1,47,16
300,0.79,7.0,0.1,1,21,11
300,0.79,8.0,0.1,1,1,11
300,0.81,2.0,22.25,4,1,2
300,0.81,3.0,11.13,4,2,1
300,0.81,4.0,7.08,2,2,1
300,0.81,5.0,0.2,1,16,21
300,0.81,6.0,0.2,1,1,16
300,0.81,7.0,0.2,1,1,11
300,0.81,8.0,0.2,1,1,11
300,0.83,2.0,10.07,4,3,1
300,0.83,3.0,4.61,7,4,1
300,0.83,4.0,2.94,8,5,1
300,0.83,5.0,1.68,8,6,1
300,0.83,6.0,1.26,3,7,1
300,0.83,7.0,0.08,1,67,11
300,0.83,8.0,0.08,1,36,11
300,0.85,2.0,15.96,4,3,1
300,0.85,3.0,7.32,7,4,1
300,0.85,4.0,4.66,8,4,1
300,0.85,5.0,2.66,7,4,1
300,0.85,6.0,2.0,2,4,1
300,0.85,7.0,0.13,1,36,11
300,0.85,8.0,0.13,1,26,11
300,0.87,2.0,14.14,4,3,1
300,0.87,3.0,6.48,6,5,1
300,0.87,4.0,4.12,3,5,1
300,0.87,5.0,0.12,1,93,21
300,0.87,6.0,0.12,1,62,16
300,0.87,7.0,0.12,1,36,11
300,0.87,8.0,0.12,1,16,11
300,0.89,2.0,8.08,6,1,2
300,0.89,3.0,5.39,7,1,2
300,0.89,4.0,3.77,7,2,1
300,0.89,5.0,2.16,7,2,1
300,0.89,6.0,1.62,4,3,1
300,0.89,7.0,1.08,3,3,1
300,0.89,8.0,1.08,1,3,1
300,0.91,2.0,25.66,4,3,1
300,0.91,3.0,11.76,6,3,1
300,0.91,4.0,7.48,5,3,1
300,0.91,5.0,2.14,1,6,3
300,0.91,6.0,0.21,1,36,16
300,0.91,7.0,0.21,1,26,11
300,0.91,8.0,0.21,1,21,11
300,0.93,2.0,14.67,4,4,1
300,0.93,3.0,6.73,7,4,1
300,0.93,4.0,4.28,8,3,1
300,0.93,5.0,2.45,9,3,1
300,0.93,6.0,1.83,5,3,1
300,0.93,7.0,1.22,2,3,1
300,0.93,8.0,0.12,1,16,11
300,0.95,2.0,15.99,4,2,1
300,0.95,3.0,7.33,8,2,1
300,0.95,4.0,4.66,11,2,1
300,0.95,5.0,2.66,12,3,1
300,0.95,6.0,2.0,11,3,1
300,0.95,7.0,1.33,10,4,1
300,0.95,8.0,1.33,5,3,1
300,0.97,2.0,13.32,4,2,1
300,0.97,3.0,6.11,8,3,1
300,0.97,4.0,3.89,10,3,1
300,0.97,5.0,2.22,14,3,1
300,0.97,6.0,1.67,14,3,1
300,0.97,7.0,1.11,12,3,1
300,0.97,8.0,1.11,6,2,1
300,0.99,2.0,13.39,4,4,1
300,0.99,3.0,6.14,8,4,1
300,0.99,4.0,3.91,11,3,1
300,0.99,5.0,2.23,14,3,1
300,0.99,6.0,1.67,13,3,1
300,0.99,7.0,1.12,14,3,1
300,0.99,8.0,1.12,10,2,1
360,0.01,2.0,100.0,24,6,12
360,0.01,3.0,100.0,3,3,6
360,0.01,4.0,6.75,1,26,36
360,0.01,5.0,6.75,1,16,21
360,0.01,6.0,6.75,1,16,16
360,0.01,7.0,6.75,1,11,11
360,0.01,8.0,6.75,1,11,11
360,0.03,2.0,34.1,1,1,1
360,0.03,3.0,34.1,1,1,1
360,0.03,4.0,34.1,1,1,1
360,0.03,5.0,34.1,1,1,1
360,0.03,6.0,34.1,1,1,1
360,0.03,7.0,34.1,1,1,1
360,0.03,8.0,34.1,1,1,1
360,0.05,2.0,7.99,1,221,123
360,0.05,3.0,7.99,1,93,57
360,0.05,4.0,7.99,1,11,36
360,0.05,5.0,7.99,1,6,21
360,0.05,6.0,7.99,1,6,16
360,0.05,7.0,7.99,1,6,11
360,0.05,8.0,7.99,1,6,11
360,0.07,2.0,100.0,8,2,4
360,0.07,3.0,54.67,4,1,2
360,0.07,4.0,1.19,1,31,36
360,0.07,5.0,1.19,1,21,21
360,0.07,6.0,1.19,1,6,16
360,0.07,7.0,1.19,1,1,11
360,0.07,8.0,1.19,1,1,11
360,0.09,2.0,100.0,12,8,4
360,0.09,3.0,100.0,4,4,2
360,0.09,4.0,54.13,3,1,2
360,0.09,5.0,2.64,26,1,21
360,0.09,6.0,2.64,21,1,16
360,0.09,7.0,2.64,16,1,11
360,0.09,8.0,2.64,16,1,11
360,0.11,2.0,100.0,8,6,2
360,0.11,3.0,45.89,5,3,1
360,0.11,4.0,29.2,3,3,1
360,0.11,5.0,0.81,1,26,21
360,0.11,6.0,0.81,1,16,16
360,0.11,7.0,0.81,1,16,11
360,0.11,8.0,0.81,1,11,11
360,0.13,2.0,96.06,4,1,2
360,0.13,3.0,48.03,2,1,2
360,0.13,4.0,0.94,1,21,36
360,0.13,5.0,0.94,1,11,21
360,0.13,6.0,0.94,1,1,16
360,0.13,7.0,0.94,1,1,11
360,0.13,8.0,0.94,1,1,11
360,0.15,2.0,66.29,3,2,1
360,0.15,3.0,30.38,3,2,1
360,0.15,4.0,8.29,1,3,3
360,0.15,5.0,0.54,1,31,21
360,0.15,6.0,0.54,1,21,16
360,0.15,7.0,0.54,1,16,11
360,0.15,8.0,0.54,1,6,11
360,0.17,2.0,45.75,4,1,2
360,0.17,3.0,22.87,2,1,2
360,0.17,4.0,0.56,1,31,36
360,0.17,5.0,0.56,1,26,21
360,0.17,6.0,0.56,1,21,16
360,0.17,7.0,0.56,1,16,11
360,0.17,8.0,0.56,1,11,11
360,0.19,2.0,100.0,8,4,2
360,0.19,3.0,59.86,6,1,1
360,0.19,4.0,32.65,2,1,2
360,0.19,5.0,1.06,1,26,21
360,0.19,6.0,1.06,1,21,16
360,0.19,7.0,1.06,1,16,11
360,0.19,8.0,1.06,1,11,11
360,0.21,2.0,46.96,3,2,1
360,0.21,3.0,21.52,3,2,1
360,0.21,4.0,0.38,1,52,36
360,0.21,5.0,0.38,1,31,21
360,0.21,6.0,0.38,1,26,16
360,0.21,7.0,0.38,1,21,11
360,0.21,8.0,0.38,1,21,11
360,0.23,2.0,16.0,6,1,2
360,0.23,3.0,8.0,5,1,2
360,0.23,4.0,0.26,1,26,36
360,0.23,5.0,0.26,1,21,21
360,0.23,6.0,0.26,1,16,16
360,0.23,7.0,0.26,1,16,11
360,0.23,8.0,0.26,1,11,11
360,0.25,2.0,42.07,3,4,1
360,0.25,3.0,19.28,4,5,1
360,0.25,4.0,12.27,2,4,1
360,0.25,5.0,0.34,1,47,21
360,0.25,6.0,0.34,1,26,16
360,0.25,7.0,0.34,1,21,11
360,0.25,8.0,0.34,1,16,11
360,0.27,2.0,21.44,5,1,2
360,0.27,3.0,13.1,7,2,1
360,0.27,4.0,8.34,8,2,1
360,0.27,5.0,4.76,3,2,1
360,0.27,6.0,3.57,1,3,1
360,0.27,7.0,0.23,1,26,11
360,0.27,8.0,0.23,1,26,11
360,0.29,2.0,34.24,4,2,1
360,0.29,3.0,15.69,6,2,1
360,0.29,4.0,9.99,8,2,1
360,0.29,5.0,5.71,8,2,1
360,0.29,6.0,4.28,3,2,1
360,0.29,7.0,1.43,1,3,2
360,0.29,8.0,0.28,1,11,11
360,0.31,2.0,23.59,4,2,1
360,0.31,3.0,10.81,8,2,1
360,0.31,4.0,6.88,10,2,1
360,0.31,5.0,3.93,12,3,1
360,0.31,6.0,2.95,10,2,1
360,0.31,7.0,1.97,4,3,1
360,0.31,8.0,0.19,1,21,11
360,0.33,2.0,33.45,5,1,2
360,0.33,3.0,22.99,4,1,1
360,0.33,4.0,14.63,4,2,1
360,0.33,5.0,8.36,2,2,1
360,0.33,6.0,0.41,1,16,16
360,0.33,7.0,0.41,1,11,11
360,0.33,8.0,0.41,1,1,11
360,0.35,2.0,30.83,3,3,1
360,0.35,3.0,14.13,5,5,1
360,0.35,4.0,8.99,2,4,1
360,0.35,5.0,0.25,1,67,21
360,0.35,6.0,0.25,1,47,16
360,0.35,7.0,0.25,1,26,11
360,0.35,8.0,0.25,1,21,11
360,0.37,2.0,31.17,5,2,1
360,0.37,3.0,14.28,9,2,1
360,0.37,4.0,9.09,8,2,1
360,0.37,5.0,5.19,5,2,1
360,0.37,6.0,3.9,1,2,1
360,0.37,7.0,0.25,1,16,11
360,0.37,8.0,0.25,1,1,11
360,0.39,2.0,27.02,4,3,1
360,0.39,3.0,12.38,6,3,1
360,0.39,4.0,7.88,7,2,1
360,0.39,5.0,4.5,5,2,1
360,0.39,6.0,3.38,3,2,1
360,0.39,7.0,1.13,1,3,2
360,0.39,8.0,0.22,1,11,11
360,0.41,2.0,19.14,4,1,1
360,0.41,3.0,8.77,8,2,1
360,0.41,4.0,5.58,11,2,1
360,0.41,5.0,3.19,13,3,1
360,0.41,6.0,2.39,11,3,1
360,0.41,7.0,1.59,10,4,1
360,0.41,8.0,1.59,5,3,1
360,0.43,2.0,17.29,5,1,2
360,0.43,3.0,10.8,7,1,2
360,0.43,4.0,7.56,4,2,1
360,0.43,5.0,4.32,3,2,1
360,0.43,6.0,0.21,1,26,16
360,0.43,7.0,0.21,1,21,11
360,0.43,8.0,0.21,1,21,11
360,0.45,2.0,30.42,4,2,1
360,0.45,3.0,13.94,5,2,1
360,0.45,4.0,7.61,1,2,2
360,0.45,5.0,0.25,1,31,21
360,0.45,6.0,0.25,1,26,16
360,0.45,7.0,0.25,1,21,11
360,0.45,8.0,0.25,1,16,11
360,0.47,2.0,18.15,4,3,1
360,0.47,3.0,8.32,8,2,1
360,0.47,4.0,5.3,10,2,1
360,0.47,5.0,3.03,14,2,1
360,0.47,6.0,2.27,15,2,1
360,0.47,7.0,1.51,15,3,1
360,0.47,8.0,1.51,10,3,1
360,0.49,2.0,15.14,6,1,2
360,0.49,3.0,9.8,9,1,1
360,0.49,4.0,6.23,11,1,1
360,0.49,5.0,3.56,5,2,1
360,0.49,6.0,2.67,2,2,1
360,0.49,7.0,0.17,1,16,11
360,0.49,8.0,0.17,1,11,11
360,0.51,2.0,8.55,8,1,3
360,0.51,3.0,6.41,8,1,2
360,0.51,4.0,4.99,8,1,1
360,0.51,5.0,2.85,9,2,1
360,0.51,6.0,2.14,6,2,1
360,0.51,7.0,1.42,2,2,1
360,0.51,8.0,0.14,1,16,11
360,0.53,2.0,13.87,5,1,2
360,0.53,3.0,4.33,10,1,3
360,0.53,4.0,3.47,3,1,2
360,0.53,5.0,0.17,1,21,21
360,0.53,6.0,0.17,1,16,16
360,0.53,7.0,0.17,1,16,11
360,0.53,8.0,0.17,1,11,11
360,0.55,2.0,17.04,4,3,1
360,0.55,3.0,7.81,6,5,1
360,0.55,4.0,4.97,7,5,1
360,0.55,5.0,2.84,8,5,1
360,0.55,6.0,2.13,6,5,1
360,0.55,7.0,1.42,4,4,1
360,0.55,8.0,0.71,1,6,2
360,0.57,2.0,16.49,4,1,2
360,0.57,3.0,7.88,5,1,1
360,0.57,4.0,4.3,1,2,2
360,0.57,5.0,0.14,1,31,21
360,0.57,6.0,0.14,1,26,16
360,0.57,7.0,0.14,1,11,11
360,0.57,8.0,0.14,1,6,11
360,0.59,2.0,11.71,6,1,2
360,0.59,3.0,7.58,7,1,1
360,0.59,4.0,4.82,6,2,1
360,0.59,5.0,2.76,5,2,1
360,0.59,6.0,0.69,1,5,3
360,0.59,7.0,0.13,1,21,11
360,0.59,8.0,0.13,1,16,11
360,0.61,2.0,13.29,4,1,2
360,0.61,3.0,7.82,5,1,2
360,0.61,4.0,5.47,4,1,1
360,0.61,5.0,2.35,1,2,2
360,0.61,6.0,0.15,1,21,16
360,0.61,7.0,0.15,1,21,11
360,0.61,8.0,0.15,1,16,11
360,0.63,2.0,18.39,4,2,1
360,0.63,3.0,8.43,6,3,1
360,0.63,4.0,5.36,4,3,1
360,0.63,5.0,0.15,1,72,21
360,0.63,6.0,0.15,1,52,16
360,0.63,7.0,0.15,1,41,11
360,0.63,8.0,0.15,1,31,11
360,0.65,2.0,16.01,4,2,1
360,0.65,3.0,7.34,7,3,1
360,0.65,4.0,4.67,8,2,1
360,0.65,5.0,2.67,8,3,1
360,0.65,6.0,2.0,6,3,1
360,0.65,7.0,1.33,3,4,1
360,0.65,8.0,1.33,1,3,1
360,0.67,2.0,15.4,4,2,1
360,0.67,3.0,7.06,6,3,1
360,0.67,4.0,4.49,6,4,1
360,0.67,5.0,2.57,7,4,1
360,0.67,6.0,1.93,4,4,1
360,0.67,7.0,1.28,1,5,1
360,0.67,8.0,0.13,1,36,11
360,0.69,2.0,11.75,4,2,1
360,0.69,3.0,5.39,8,2,1
360,0.69,4.0,3.43,8,2,1
360,0.69,5.0,1.96,8,2,1
360,0.69,6.0,1.47,6,2,1
360,0.69,7.0,0.98,3,2,1
360,0.69,8.0,0.1,1,21,11
360,0.71,2.0,24.11,4,2,1
360,0.71,3.0,11.05,6,3,1
360,0.71,4.0,7.03,6,3,1
360,0.71,5.0,4.02,6,2,1
360,0.71,6.0,3.01,2,2,1
360,0.71,7.0,0.2,1,16,11
360,0.71,8.0,0.2,1,11,11
360,0.73,2.0,16.75,3,2,1
360,0.73,3.0,7.68,5,3,1
360,0.73,4.0,4.89,5,2,1
360,0.73,5.0,2.79,5,3,1
360,0.73,6.0,1.4,1,4,2
360,0.73,7.0,0.14,1,31,11
360,0.73,8.0,0.14,1,16,11
360,0.75,2.0,18.8,4,2,1
360,0.75,3.0,8.62,8,2,1
360,0.75,4.0,5.48,9,2,1
360,0.75,5.0,3.13,12,3,1
360,0.75,6.0,2.35,9,3,1
360,0.75,7.0,1.57,7,3,1
360,0.75,8.0,1.57,2,3,1
360,0.77,2.0,14.17,5,3,1
360,0.77,3.0,6.49,8,4,1
360,0.77,4.0,4.13,11,4,1
360,0.77,5.0,2.36,17,4,1
360,0.77,6.0,1.77,18,4,1
360,0.77,7.0,1.18,21,5,1
360,0.77,8.0,1.18,17,4,1
360,0.79,2.0,14.57,5,3,1
360,0.79,3.0,6.68,9,4,1
360,0.79,4.0,4.25,12,4,1
360,0.79,5.0,2.43,16,5,1
360,0.79,6.0,1.82,17,4,1
360,0.79,7.0,1.21,19,5,1
360,0.79,8.0,1.21,15,4,1
360,0.81,2.0,10.37,4,3,1
360,0.81,3.0,4.75,8,4,1
360,0.81,4.0,3.02,10,4,1
360,0.81,5.0,1.73,13,5,1
360,0.81,6.0,1.3,15,5,1
360,0.81,7.0,0.86,16,5,1
360,0.81,8.0,0.86,13,4,1
360,0.83,2.0,13.87,4,1,1
360,0.83,3.0,6.36,4,2,1
360,0.83,4.0,4.05,4,2,1
360,0.83,5.0,2.31,3,2,1
360,0.83,6.0,1.73,1,2,1
360,0.83,7.0,0.11,1,21,11
360,0.83,8.0,0.11,1,21,11
360,0.85,2.0,10.41,4,4,1
360,0.85,3.0,4.77,8,6,1
360,0.85,4.0,3.03,11,7,1
360,0.85,5.0,1.73,16,8,1
360,0.85,6.0,1.3,17,6,1
360,0.85,7.0,0.87,21,6,1
360,0.85,8.0,0.87,16,5,1
360,0.87,2.0,12.09,4,4,1
360,0.87,3.0,5.54,6,5,1
360,0.87,4.0,3.53,7,5,1
360,0.87,5.0,2.02,7,6,1
360,0.87,6.0,1.51,1,5,1
360,0.87,7.0,0.1,1,47,11
360,0.87,8.0,0.1,1,36,11
360,0.89,2.0,12.69,4,2,1
360,0.89,3.0,5.81,7,2,1
360,0.89,4.0,3.7,7,2,1
360,0.89,5.0,2.11,6,2,1
360,0.89,6.0,0.53,1,7,3
360,0.89,7.0,0.1,1,31,11
360,0.89,8.0,0.1,1,26,11
360,0.91,2.0,13.83,4,3,1
360,0.91,3.0,6.34,8,5,1
360,0.91,4.0,4.03,10,5,1
360,0.91,5.0,2.3,9,6,1
360,0.91,6.0,1.73,4,5,1
360,0.91,7.0,0.11,1,57,11
360,0.91,8.0,0.11,1,41,11
360,0.93,2.0,13.2,4,3,1
360,0.93,3.0,6.05,7,3,1
360,0.93,4.0,3.85,8,3,1
360,0.93,5.0,2.2,7,4,1
360,0.93,6.0,1.65,4,4,1
360,0.93,7.0,0.11,1,41,11
360,0.93,8.0,0.11,1,31,11
360,0.95,2.0,14.25,4,3,1
360,0.95,3.0,6.53,7,3,1
360,0.95,4.0,4.16,8,4,1
360,0.95,5.0,2.37,11,5,1
360,0.95,6.0,1.78,8,5,1
360,0.95,7.0,1.19,8,6,1
360,0.95,8.0,1.19,3,5,1
360,0.97,2.0,11.86,4,2,1
360,0.97,3.0,5.44,6,2,1
360,0.97,4.0,3.46,6,2,1
360,0.97,5.0,1.98,8,2,1
360,0.97,6.0,1.48,6,2,1
360,0.97,7.0,0.99,2,3,1
360,0.97,8.0,0.49,1,4,2
360,0.99,2.0,10.83,4,2,1
360,0.99,3.0,4.96,8,2,1
360,0.99,4.0,3.16,10,2,1
360,0.99,5.0,1.8,15,3,1
360,0.99,6.0,1.35,13,3,1
360,0.99,7.0,0.9,12,4,1
360,0.99,8.0,0.9,6,3,1
420,0.01,2.0,100.0,2,2,2
420,0.01,3.0,100.0,2,2,2
420,0.01,4.0,100.0,2,2,2
420,0.01,5.0,100.0,2,2,2
420,0.01,6.0,100.0,2,2,2
420,0.01,7.0,100.0,2,2,2
420,0.01,8.0,100.0,2,2,2
420,0.03,2.0,100.0,12,8,4
420,0.03,3.0,100.0,4,2,2
420,0.03,4.0,2.65,1,16,36
420,0.03,5.0,2.65,1,11,21
420,0.03,6.0,2.65,1,6,16
420,0.03,7.0,2.65,1,6,11
420,0.03,8.0,2.65,1,6,11
420,0.05,2.0,100.0,12,8,4
420,0.05,3.0,100.0,4,2,2
420,0.05,4.0,2.65,1,16,36
420,0.05,5.0,2.65,1,11,21
420,0.05,6.0,2.65,1,6,16
420,0.05,7.0,2.65,1,6,11
420,0.05,8.0,2.65,1,6,11
420,0.07,2.0,100.0,12,8,4
420,0.07,3.0,100.0,4,2,2
420,0.07,4.0,2.65,1,16,36
420,0.07,5.0,2.65,1,11,21
420,0.07,6.0,2.65,1,6,16
420,0.07,7.0,2.65,1,6,11
420,0.07,8.0,2.65,1,6,11
420,0.09,2.0,100.0,12,8,4
420,0.09,3.0,100.0,4,2,2
420,0.09,4.0,2.65,1,16,36
420,0.09,5.0,2.65,1,11,21
420,0.09,6.0,2.65,1,6,16
420,0.09,7.0,2.65,1,6,11
420,0.09,8.0,2.65,1,6,11
420,0.11,2.0,100.0,12,8,4
420,0.11,3.0,100.0,4,2,2
420,0.11,4.0,2.65,1,16,36
420,0.11,5.0,2.65,1,11,21
420,0.11,6.0,2.65,1,6,16
420,0.11,7.0,2.65,1,6,11
420,0.11,8.0,2.65,1,6,11
420,0.13,2.0,68.97,2,3,1
420,0.13,3.0,31.61,2,2,1
420,0.13,4.0,0.56,1,36,36
420,0.13,5.0,0.56,1,26,21
420,0.13,6.0,0.56,1,16,16
420,0.13,7.0,0.56,1,16,11
420,0.13,8.0,0.56,1,11,11
420,0.15,2.0,68.97,2,3,1
420,0.15,3.0,31.61,2,2,1
420,0.15,4.0,0.56,1,36,36
420,0.15,5.0,0.56,1,26,21
420,0.15,6.0,0.56,1,16,16
420,0.15,7.0,0.56,1,16,11
420,0.15,8.0,0.56,1,11,11
420,0.17,2.0,29.86,5,1,2
420,0.17,3.0,17.57,5,1,2
420,0.17,4.0,12.3,5,1,1
420,0.17,5.0,7.03,5,1,1
420,0.17,6.0,5.27,2,2,1
420,0.17,7.0,0.34,1,16,11
420,0.17,8.0,0.34,1,16,11
420,0.19,2.0,40.68,3,1,2
420,0.19,3.0,20.34,2,2,1
420,0.19,4.0,0.36,1,36,36
420,0.19,5.0,0.36,1,26,21
420,0.19,6.0,0.36,1,21,16
420,0.19,7.0,0.36,1,1,11
420,0.19,8.0,0.36,1,1,11
420,0.21,2.0,44.49,4,2,1
420,0.21,3.0,20.39,3,2,1
420,0.21,4.0,0.36,1,67,36
420,0.21,5.0,0.36,1,47,21
420,0.21,6.0,0.36,1,26,16
420,0.21,7.0,0.36,1,21,11
420,0.21,8.0,0.36,1,11,11
420,0.23,2.0,24.68,3,3,1
420,0.23,3.0,11.31,3,3,1
420,0.23,4.0,0.2,1,82,36
420,0.23,5.0,0.2,1,47,21
420,0.23,6.0,0.2,1,41,16
420,0.23,7.0,0.2,1,26,11
420,0.23,8.0,0.2,1,16,11
420,0.25,2.0,24.68,3,3,1
420,0.25,3.0,11.31,3,3,1
420,0.25,4.0,0.2,1,82,36
420,0.25,5.0,0.2,1,47,21
420,0.25,6.0,0.2,1,41,16
420,0.25,7.0,0.2,1,26,11
420,0.25,8.0,0.2,1,16,11
420,0.27,2.0,24.79,5,1,2
420,0.27,3.0,13.63,6,2,1
420,0.27,4.0,8.68,4,2,1
420,0.27,5.0,4.96,1,2,1
420,0.27,6.0,0.24,1,26,16
420,0.27,7.0,0.24,1,21,11
420,0.27,8.0,0.24,1,16,11
420,0.29,2.0,26.0,3,2,1
420,0.29,3.0,11.92,5,2,1
420,0.29,4.0,7.58,3,2,1
420,0.29,5.0,0.21,1,47,21
420,0.29,6.0,0.21,1,31,16
420,0.29,7.0,0.21,1,21,11
420,0.29,8.0,0.21,1,16,11
420,0.31,2.0,26.0,3,2,1
420,0.31,3.0,11.92,5,2,1
420,0.31,4.0,7.58,3,2,1
420,0.31,5.0,0.21,1,47,21
420,0.31,6.0,0.21,1,31,16
420,0.31,7.0,0.21,1,21,11
420,0.31,8.0,0.21,1,16,11
420,0.33,2.0,26.0,3,2,1
420,0.33,3.0,11.92,5,2,1
420,0.33,4.0,7.58,3,2,1
420,0.33,5.0,0.21,1,47,21
420,0.33,6.0,0.21,1,31,16
420,0.33,7.0,0.21,1,21,11
420,0.33,8.0,0.21,1,16,11
420,0.35,2.0,26.0,3,2,1
420,0.35,3.0,11.92,5,2,1
420,0.35,4.0,7.58,3,2,1
420,0.35,5.0,0.21,1,47,21
420,0.35,6.0,0.21,1,31,16
420,0.35,7.0,0.21,1,21,11
420,0.35,8.0,0.21,1,16,11
420,0.37,2.0,25.11,4,2,1
420,0.37,3.0,11.51,4,2,1
420,0.37,4.0,7.32,4,2,1
420,0.37,5.0,4.18,2,3,1
420,0.37,6.0,0.2,1,36,16
420,0.37,7.0,0.2,1,31,11
420,0.37,8.0,0.2,1,21,11
420,0.39,2.0,20.21,4,2,1
420,0.39,3.0,9.26,6,2,1
420,0.39,4.0,5.89,4,2,1
420,0.39,5.0,0.16,1,36,21
420,0.39,6.0,0.16,1,26,16
420,0.39,7.0,0.16,1,21,11
420,0.39,8.0,0.16,1,16,11
420,0.41,2.0,24.16,4,1,2
420,0.41,3.0,12.66,3,2,1
420,0.41,4.0,8.05,2,2,1
420,0.41,5.0,0.22,1,41,21
420,0.41,6.0,0.22,1,31,16
420,0.41,7.0,0.22,1,26,11
420,0.41,8.0,0.22,1,21,11
420,0.43,2.0,15.93,4,2,1
420,0.43,3.0,7.3,7,2,1
420,0.43,4.0,4.65,4,2,1
420,0.43,5.0,2.65,2,2,1
420,0.43,6.0,0.13,1,21,16
420,0.43,7.0,0.13,1,11,11
420,0.43,8.0,0.13,1,6,11
420,0.45,2.0,25.34,3,3,1
420,0.45,3.0,11.61,5,5,1
420,0.45,4.0,7.39,3,4,1
420,0.45,5.0,3.17,1,6,2
420,0.45,6.0,0.21,1,52,16
420,0.45,7.0,0.21,1,41,11
420,0.45,8.0,0.21,1,31,11
420,0.47,2.0,25.34,3,3,1
420,0.47,3.0,11.61,5,5,1
420,0.47,4.0,7.39,3,4,1
420,0.47,5.0,3.17,1,6,2
420,0.47,6.0,0.21,1,52,16
420,0.47,7.0,0.21,1,41,11
420,0.47,8.0,0.21,1,31,11
420,0.49,2.0,12.67,4,3,1
420,0.49,3.0,5.81,6,3,1
420,0.49,4.0,3.7,7,3,1
420,0.49,5.0,2.11,6,4,1
420,0.49,6.0,1.58,3,3,1
420,0.49,7.0,0.1,1,41,11
420,0.49,8.0,0.1,1,36,11
420,0.51,2.0,12.67,4,3,1
420,0.51,3.0,5.81,6,3,1
420,0.51,4.0,3.7,7,3,1
420,0.51,5.0,2.11,6,4,1
420,0.51,6.0,1.58,3,3,1
420,0.51,7.0,0.1,1,41,11
420,0.51,8.0,0.1,1,36,11
420,0.53,2.0,12.67,4,3,1
420,0.53,3.0,5.81,6,3,1
420,0.53,4.0,3.7,7,3,1
420,0.53,5.0,2.11,6,4,1
420,0.53,6.0,1.58,3,3,1
420,0.53,7.0,0.1,1,41,11
420,0.53,8.0,0.1,1,36,11
420,0.55,2.0,12.67,4,3,1
420,0.55,3.0,5.81,6,3,1
420,0.55,4.0,3.7,7,3,1
420,0.55,5.0,2.11,6,4,1
420,0.55,6.0,1.58,3,3,1
420,0.55,7.0,0.1,1,41,11
420,0.55,8.0,0.1,1,36,11
420,0.57,2.0,12.67,4,3,1
420,0.57,3.0,5.81,6,3,1
420,0.57,4.0,3.7,7,3,1
420,0.57,5.0,2.11,6,4,1
420,0.57,6.0,1.58,3,3,1
420,0.57,7.0,0.1,1,41,11
420,0.57,8.0,0.1,1,36,11
420,0.59,2.0,13.12,4,2,1
420,0.59,3.0,6.01,7,2,1
420,0.59,4.0,3.83,8,2,1
420,0.59,5.0,2.19,7,3,1
420,0.59,6.0,1.64,4,3,1
420,0.59,7.0,1.09,2,3,1
420,0.59,8.0,0.11,1,26,11
420,0.61,2.0,13.12,4,2,1
420,0.61,3.0,6.01,7,2,1
420,0.61,4.0,3.83,8,2,1
420,0.61,5.0,2.19,7,3,1
420,0.61,6.0,1.64,4,3,1
420,0.61,7.0,1.09,2,3,1
420,0.61,8.0,0.11,1,26,11
420,0.63,2.0,13.12,4,2,1
420,0.63,3.0,6.01,7,2,1
420,0.63,4.0,3.83,8,2,1
420,0.63,5.0,2.19,7,3,1
420,0.63,6.0,1.64,4,3,1
420,0.63,7.0,1.09,2,3,1
420,0.63,8.0,0.11,1,26,11
420,0.65,2.0,13.12,4,2,1
420,0.65,3.0,6.01,7,2,1
420,0.65,4.0,3.83,8,2,1
420,0.65,5.0,2.19,7,3,1
420,0.65,6.0,1.64,4,3,1
420,0.65,7.0,1.09,2,3,1
420,0.65,8.0,0.11,1,26,11
420,0.67,2.0,15.2,3,3,1
420,0.67,3.0,6.97,3,4,1
420,0.67,4.0,0.12,1,118,36
420,0.67,5.0,0.12,1,67,21
420,0.67,6.0,0.12,1,57,16
420,0.67,7.0,0.12,1,41,11
420,0.67,8.0,0.12,1,16,11
420,0.69,2.0,9.86,4,3,1
420,0.69,3.0,4.52,8,5,1
420,0.69,4.0,2.87,10,5,1
420,0.69,5.0,1.64,13,6,1
420,0.69,6.0,1.23,10,5,1
420,0.69,7.0,0.82,5,5,1
420,0.69,8.0,0.08,1,36,11
420,0.71,2.0,9.86,4,3,1
420,0.71,3.0,4.52,8,5,1
420,0.71,4.0,2.87,10,5,1
420,0.71,5.0,1.64,13,6,1
420,0.71,6.0,1.23,10,5,1
420,0.71,7.0,0.82,5,5,1
420,0.71,8.0,0.08,1,36,11
420,0.73,2.0,9.86,4,3,1
420,0.73,3.0,4.52,8,5,1
420,0.73,4.0,2.87,10,5,1
420,0.73,5.0,1.64,13,6,1
420,0.73,6.0,1.23,10,5,1
420,0.73,7.0,0.82,5,5,1
420,0.73,8.0,0.08,1,36,11
420,0.75,2.0,9.86,4,3,1
420,0.75,3.0,4.52,8,5,1
420,0.75,4.0,2.87,10,5,1
420,0.75,5.0,1.64,13,6,1
420,0.75,6.0,1.23,10,5,1
420,0.75,7.0,0.82,5,5,1
420,0.75,8.0,0.08,1,36,11
420,0.77,2.0,9.86,4,3,1
420,0.77,3.0,4.52,8,5,1
420,0.77,4.0,2.87,10,5,1
420,0.77,5.0,1.64,13,6,1
420,0.77,6.0,1.23,10,5,1
420,0.77,7.0,0.82,5,5,1
420,0.77,8.0,0.08,1,36,11
420,0.79,2.0,9.86,4,3,1
420,0.79,3.0,4.52,8,5,1
420,0.79,4.0,2.87,10,5,1
420,0.79,5.0,1.64,13,6,1
420,0.79,6.0,1.23,10,5,1
420,0.79,7.0,0.82,5,5,1
420,0.79,8.0,0.08,1,36,11
420,0.81,2.0,9.86,4,3,1
420,0.81,3.0,4.52,8,5,1
420,0.81,4.0,2.87,10,5,1
420,0.81,5.0,1.64,13,6,1
420,0.81,6.0,1.23,10,5,1
420,0.81,7.0,0.82,5,5,1
420,0.81,8.0,0.08,1,36,11
420,0.83,2.0,11.46,4,2,1
420,0.83,3.0,5.25,8,3,1
420,0.83,4.0,3.34,11,3,1
420,0.83,5.0,1.91,13,3,1
420,0.83,6.0,1.43,13,3,1
420,0.83,7.0,0.95,14,4,1
420,0.83,8.0,0.95,9,3,1
420,0.85,2.0,11.46,4,2,1
420,0.85,3.0,5.25,8,3,1
420,0.85,4.0,3.34,11,3,1
420,0.85,5.0,1.91,13,3,1
420,0.85,6.0,1.43,13,3,1
420,0.85,7.0,0.95,14,4,1
420,0.85,8.0,0.95,9,3,1
420,0.87,2.0,13.02,4,2,1
420,0.87,3.0,5.97,7,2,1
420,0.87,4.0,3.8,9,2,1
420,0.87,5.0,2.17,10,1,1
420,0.87,6.0,0.11,62,1,16
420,0.87,7.0,0.11,11,1,11
420,0.87,8.0,0.11,1,1,11
420,0.89,2.0,13.02,4,2,1
420,0.89,3.0,5.97,7,2,1
420,0.89,4.0,3.8,9,2,1
420,0.89,5.0,2.17,10,1,1
420,0.89,6.0,0.11,62,1,16
420,0.89,7.0,0.11,11,1,11
420,0.89,8.0,0.11,1,1,11
420,0.91,2.0,13.02,4,2,1
420,0.91,3.0,5.97,7,2,1
420,0.91,4.0,3.8,9,2,1
420,0.91,5.0,2.17,10,1,1
420,0.91,6.0,0.11,62,1,16
420,0.91,7.0,0.11,11,1,11
420,0.91,8.0,0.11,1,1,11
420,0.93,2.0,9.86,4,3,1
420,0.93,3.0,4.52,8,3,1
420,0.93,4.0,2.88,10,3,1
420,0.93,5.0,1.64,12,4,1
420,0.93,6.0,1.23,9,4,1
420,0.93,7.0,0.82,10,5,1
420,0.93,8.0,0.82,4,4,1
420,0.95,2.0,9.86,4,3,1
420,0.95,3.0,4.52,8,3,1
420,0.95,4.0,2.88,10,3,1
420,0.95,5.0,1.64,12,4,1
420,0.95,6.0,1.23,9,4,1
420,0.95,7.0,0.82,10,5,1
420,0.95,8.0,0.82,4,4,1
420,0.97,2.0,9.86,4,3,1
420,0.97,3.0,4.52,8,3,1
420,0.97,4.0,2.88,10,3,1
420,0.97,5.0,1.64,12,4,1
420,0.97,6.0,1.23,9,4,1
420,0.97,7.0,0.82,10,5,1
420,0.97,8.0,0.82,4,4,1
420,0.99,2.0,11.71,4,2,1
420,0.99,3.0,5.37,7,2,1
420,0.99,4.0,3.42,6,2,1
420,0.99,5.0,1.95,4,3,1
420,0.99,6.0,0.1,1,26,16
420,0.99,7.0,0.1,1,16,11
420,0.99,8.0,0.1,1,1,11
